Key,All,Sketch,SketchMeanAbsEr,SketchMeanRelEr
chapitre,12,16.0,4.0,33.33
premier,8,11.0,3.0,37.5
fond,8,19.0,11.0,137.5
terrier,4,17.0,13.0,325.0
alice,395,400.0,5.0,1.27
assise,6,9.0,3.0,50.0
auprès,8,13.0,5.0,62.5
sœur,10,13.0,3.0,30.0
gazon,3,8.0,5.0,166.67
commençait,7,11.0,4.0,57.14
ennuyer,1,5.0,4.0,400.0
rester,7,10.0,3.0,42.86
rien,54,64.0,10.0,18.52
jeté,1,3.0,2.0,200.0
yeux,41,44.0,3.0,7.32
livre,6,7.0,1.0,16.67
lisait,2,11.0,9.0,450.0
quoi,25,27.0,2.0,8.0
images,3,9.0,6.0,200.0
dialogues,2,7.0,5.0,250.0
belle,9,18.0,9.0,100.0
avance,2,10.0,8.0,400.0
pensait,10,15.0,5.0,50.0
causeries,1,4.0,3.0,300.0
mise,2,9.0,7.0,350.0
réfléchir,4,8.0,4.0,100.0
tant,14,26.0,12.0,85.71
bien,219,223.0,4.0,1.83
mal,14,20.0,6.0,42.86
chaleur,1,4.0,3.0,300.0
jour,15,18.0,3.0,20.0
endormait,1,3.0,2.0,200.0
rendait,1,7.0,6.0,600.0
lourde,1,4.0,3.0,300.0
demandant,3,5.0,2.0,66.67
plaisir,6,6.0,0.0,0.0
couronne,4,9.0,5.0,125.0
marguerites,1,9.0,8.0,800.0
valait,1,7.0,6.0,600.0
peine,20,28.0,8.0,40.0
lever,4,7.0,3.0,75.0
cueillir,1,7.0,6.0,600.0
fleurs,6,6.0,0.0,0.0
coup,19,24.0,5.0,26.32
lapin,51,52.0,1.0,1.96
blanc,23,27.0,4.0,17.39
roses,4,8.0,4.0,100.0
passa,7,17.0,10.0,142.86
près,33,34.0,1.0,3.03
étonnant,1,10.0,9.0,900.0
trouva,27,35.0,8.0,29.63
extraordinaire,4,7.0,3.0,75.0
entendre,14,25.0,11.0,78.57
parler,23,30.0,7.0,30.43
disait,13,22.0,9.0,69.23
ah,15,16.0,1.0,6.67
arriverai,2,8.0,6.0,300.0
tard,7,19.0,12.0,171.43
songeant,1,5.0,4.0,400.0
après,29,33.0,4.0,13.79
sembla,2,9.0,7.0,350.0
dû,3,14.0,11.0,366.67
étonner,2,8.0,6.0,300.0
moment,18,26.0,8.0,44.44
paru,2,6.0,4.0,200.0
naturel,3,7.0,4.0,133.33
cependant,14,25.0,11.0,78.57
vint,5,12.0,7.0,140.0
tirer,5,15.0,10.0,200.0
montre,6,11.0,5.0,83.33
gousset,2,5.0,3.0,150.0
regarda,15,21.0,6.0,40.0
puis,51,63.0,12.0,23.53
prit,19,28.0,9.0,47.37
courir,9,17.0,8.0,88.89
plus,98,104.0,6.0,6.12
sauta,2,9.0,7.0,350.0
pieds,26,27.0,1.0,3.85
frappée,2,3.0,1.0,50.0
idée,17,25.0,8.0,47.06
jamais,45,47.0,2.0,4.44
entraînée,1,4.0,3.0,300.0
curiosité,5,7.0,2.0,40.0
élança,1,1.0,0.0,0.0
traces,1,9.0,8.0,800.0
travers,8,10.0,2.0,25.0
champ,2,7.0,5.0,250.0
arriva,5,9.0,4.0,80.0
temps,50,55.0,5.0,10.0
voir,33,39.0,6.0,18.18
disparaître,4,12.0,8.0,200.0
large,5,7.0,2.0,40.0
trou,5,7.0,2.0,40.0
pied,11,20.0,9.0,81.82
haie,2,7.0,5.0,250.0
instant,19,24.0,5.0,26.32
poursuite,3,5.0,2.0,66.67
songer,2,14.0,12.0,600.0
sortirait,2,6.0,4.0,200.0
pendant,18,24.0,6.0,33.33
bout,19,23.0,4.0,21.05
chemin,11,16.0,5.0,45.45
allait,19,26.0,7.0,36.84
droit,8,9.0,1.0,12.5
tunnel,1,5.0,4.0,400.0
plongeait,1,6.0,5.0,500.0
perpendiculairement,1,6.0,5.0,500.0
façon,7,7.0,0.0,0.0
brusque,3,11.0,8.0,266.67
sentit,5,11.0,6.0,120.0
tomber,6,10.0,4.0,66.67
puits,9,13.0,4.0,44.44
grande,28,33.0,5.0,17.86
profondeur,2,7.0,5.0,250.0
pensé,1,4.0,3.0,300.0
retenir,3,9.0,6.0,200.0
choses,19,21.0,2.0,10.53
vraiment,14,18.0,4.0,28.57
profond,6,9.0,3.0,50.0
tombait,1,4.0,3.0,300.0
doucement,7,11.0,4.0,57.14
loisir,1,5.0,4.0,400.0
chute,4,10.0,6.0,150.0
regarder,15,17.0,2.0,13.33
autour,22,25.0,3.0,13.64
demander,10,14.0,4.0,40.0
étonnement,5,9.0,4.0,80.0
devenir,3,8.0,5.0,166.67
abord,27,29.0,2.0,7.41
savoir,26,30.0,4.0,15.38
faisait,13,20.0,7.0,53.85
sombre,2,7.0,5.0,250.0
ensuite,7,13.0,6.0,85.71
porta,2,11.0,9.0,450.0
parois,1,3.0,2.0,200.0
aperçut,14,19.0,5.0,35.71
garnies,2,3.0,1.0,50.0
armoires,2,5.0,3.0,150.0
étagères,1,3.0,2.0,200.0
çà,4,13.0,9.0,225.0
vit,10,17.0,7.0,70.0
pendues,2,6.0,4.0,200.0
clous,1,8.0,7.0,700.0
cartes,5,8.0,3.0,60.0
géographiques,1,2.0,1.0,100.0
passant,7,7.0,0.0,0.0
rayon,1,7.0,6.0,600.0
pot,3,7.0,4.0,133.33
confiture,1,12.0,11.0,1100.0
portant,4,10.0,6.0,150.0
étiquette,2,4.0,2.0,100.0
marmelade,1,4.0,3.0,300.0
oranges,1,12.0,11.0,1100.0
grand,31,36.0,5.0,16.13
regret,1,8.0,7.0,700.0
vide,1,7.0,6.0,600.0
osait,2,12.0,10.0,500.0
laisser,3,7.0,4.0,133.33
crainte,1,10.0,9.0,900.0
tuer,1,4.0,3.0,300.0
quelqu,6,10.0,4.0,66.67
arrangea,1,4.0,3.0,300.0
manière,12,14.0,2.0,16.67
déposer,1,5.0,4.0,400.0
certes,5,8.0,3.0,60.0
dit,416,422.0,6.0,1.44
pareille,4,8.0,4.0,100.0
moquerai,1,2.0,1.0,100.0
dégringoler,1,8.0,7.0,700.0
escalier,3,9.0,6.0,200.0
trouver,15,21.0,6.0,40.0
brave,1,6.0,5.0,500.0
chez,8,11.0,3.0,37.5
tomberais,1,3.0,2.0,200.0
toits,1,4.0,3.0,300.0
ferais,1,10.0,9.0,900.0
plainte,1,9.0,8.0,800.0
probable,3,7.0,4.0,133.33
tombe,6,13.0,7.0,116.67
finira,1,2.0,1.0,100.0
curieuse,5,15.0,10.0,200.0
combien,7,11.0,4.0,57.14
milles,3,8.0,5.0,166.67
déjà,9,16.0,7.0,77.78
faits,2,12.0,10.0,500.0
centre,1,6.0,5.0,500.0
terre,16,19.0,3.0,18.75
voyons,6,11.0,5.0,83.33
quatre,10,15.0,5.0,50.0
mille,6,11.0,5.0,83.33
semble,7,12.0,5.0,71.43
voyez,7,8.0,1.0,14.29
appris,3,9.0,6.0,200.0
leçons,11,11.0,0.0,0.0
bonne,16,18.0,2.0,12.5
occasion,6,15.0,9.0,150.0
parade,1,3.0,2.0,200.0
point,10,15.0,5.0,50.0
auditeur,1,4.0,3.0,300.0
exercice,1,16.0,15.0,1500.0
répéter,8,11.0,3.0,37.5
leçon,2,2.0,0.0,0.0
oui,15,21.0,6.0,40.0
degré,1,4.0,3.0,300.0
latitude,2,11.0,9.0,450.0
longitude,2,5.0,3.0,150.0
trouve,3,9.0,6.0,200.0
moindre,10,13.0,3.0,30.0
voulait,5,8.0,3.0,60.0
dire,60,64.0,4.0,6.67
grands,8,8.0,0.0,0.0
mots,23,27.0,4.0,17.39
paraissaient,1,10.0,9.0,900.0
beaux,1,15.0,14.0,1400.0
sonores,1,8.0,7.0,700.0
bientôt,27,38.0,11.0,40.74
reprit,9,11.0,2.0,22.22
allais,5,9.0,4.0,80.0
traverser,2,7.0,5.0,250.0
complétement,5,13.0,8.0,160.0
drôle,14,24.0,10.0,71.43
milieu,10,17.0,7.0,70.0
gens,15,20.0,5.0,33.33
marchent,1,2.0,1.0,100.0
tête,71,76.0,5.0,7.04
bas,18,18.0,0.0,0.0
antipathies,1,5.0,4.0,400.0
crois,20,24.0,4.0,20.0
fâchée,3,6.0,3.0,100.0
effet,15,19.0,4.0,26.67
eh,20,24.0,4.0,20.0
pays,3,6.0,3.0,100.0
pardon,7,12.0,5.0,71.43
madame,3,6.0,3.0,100.0
nouvelle,3,9.0,6.0,200.0
zemble,1,10.0,9.0,900.0
australie,1,4.0,3.0,300.0
essaya,6,16.0,10.0,166.67
révérence,3,6.0,3.0,100.0
air,48,54.0,6.0,12.5
dites,11,12.0,1.0,9.09
prendriez,2,12.0,10.0,500.0
petite,50,59.0,9.0,18.0
ignorante,1,9.0,8.0,800.0
pensera,1,7.0,6.0,600.0
dame,1,11.0,10.0,1000.0
ferai,5,7.0,2.0,40.0
question,16,19.0,3.0,18.75
non,39,41.0,2.0,5.13
faut,26,31.0,5.0,19.23
verrai,1,7.0,6.0,600.0
écrit,5,13.0,8.0,160.0
quelque,36,43.0,7.0,19.44
part,9,14.0,5.0,55.56
faute,3,10.0,7.0,233.33
mieux,20,24.0,4.0,20.0
remit,8,12.0,4.0,50.0
dinah,16,19.0,3.0,18.75
remarquera,1,6.0,5.0,500.0
absence,3,7.0,4.0,133.33
soir,2,5.0,3.0,150.0
sûr,8,13.0,5.0,62.5
chat,32,39.0,7.0,21.88
pourvu,3,5.0,2.0,66.67
oublie,2,11.0,9.0,450.0
donner,3,8.0,5.0,166.67
jatte,1,4.0,3.0,300.0
lait,2,5.0,3.0,150.0
heure,14,21.0,7.0,50.0
thé,17,20.0,3.0,17.65
minette,1,8.0,7.0,700.0
souris,54,58.0,4.0,7.41
airs,2,8.0,6.0,300.0
peur,12,18.0,6.0,50.0
pourrais,6,11.0,5.0,83.33
attraper,3,7.0,4.0,133.33
chauve,1,13.0,12.0,1200.0
ressemble,3,17.0,14.0,466.67
beaucoup,16,18.0,2.0,12.5
sais,15,28.0,13.0,86.67
chats,11,17.0,6.0,54.55
mangent,5,16.0,11.0,220.0
chauves,5,15.0,10.0,200.0
sommeil,1,4.0,3.0,300.0
commença,17,25.0,8.0,47.06
gagner,2,4.0,2.0,100.0
répétait,1,8.0,7.0,700.0
moitié,13,17.0,4.0,30.77
endormie,3,8.0,5.0,166.67
quelquefois,2,8.0,6.0,300.0
comprenez,15,20.0,5.0,33.33
puisqu,2,5.0,3.0,150.0
pouvait,25,34.0,9.0,36.0
répondre,4,9.0,5.0,125.0
questions,4,10.0,6.0,150.0
importait,1,6.0,5.0,500.0
poser,1,7.0,6.0,600.0
assoupissait,1,14.0,13.0,1300.0
rêver,2,8.0,6.0,300.0
promenait,1,8.0,7.0,700.0
tenant,5,14.0,9.0,180.0
main,20,28.0,8.0,40.0
disant,10,15.0,5.0,50.0
sérieusement,2,5.0,3.0,150.0
dis,7,21.0,14.0,200.0
vérité,2,9.0,7.0,350.0
mangé,3,12.0,9.0,300.0
pouf,1,9.0,8.0,800.0
voilà,28,28.0,0.0,0.0
étendue,4,11.0,7.0,175.0
tas,1,2.0,1.0,100.0
fagots,1,3.0,2.0,200.0
feuilles,5,8.0,3.0,60.0
sèches,1,2.0,1.0,100.0
fini,9,15.0,6.0,66.67
vite,21,25.0,4.0,19.05
remet,1,4.0,3.0,300.0
regarde,3,11.0,8.0,266.67
noir,1,13.0,12.0,1200.0
devant,6,11.0,5.0,83.33
long,16,22.0,6.0,37.5
passage,6,15.0,9.0,150.0
court,2,5.0,3.0,150.0
toutes,20,25.0,5.0,25.0
jambes,3,9.0,6.0,200.0
perdre,5,8.0,3.0,60.0
vent,3,7.0,4.0,133.33
arrive,7,14.0,7.0,100.0
tourne,1,10.0,9.0,900.0
coin,4,7.0,3.0,75.0
moustache,1,7.0,6.0,600.0
oreilles,3,4.0,1.0,33.33
tourné,1,6.0,5.0,500.0
disparu,8,13.0,5.0,62.5
salle,17,25.0,8.0,47.06
longue,8,11.0,3.0,37.5
basse,9,16.0,7.0,77.78
éclairée,1,1.0,0.0,0.0
rangée,3,6.0,3.0,100.0
lampes,1,6.0,5.0,500.0
plafond,4,11.0,7.0,175.0
portes,3,9.0,6.0,200.0
fermées,1,4.0,3.0,300.0
vainement,1,8.0,7.0,700.0
tenté,1,6.0,5.0,500.0
ouvrir,6,13.0,7.0,116.67
celles,2,8.0,6.0,300.0
côté,29,35.0,6.0,20.69
gauche,5,11.0,6.0,120.0
promena,1,7.0,6.0,600.0
tristement,9,10.0,1.0,11.11
beau,10,15.0,5.0,50.0
rencontra,2,7.0,5.0,250.0
table,22,26.0,4.0,18.18
trois,30,34.0,4.0,13.33
verre,6,14.0,8.0,133.33
massif,1,2.0,1.0,100.0
dessus,22,27.0,5.0,22.73
toute,28,35.0,7.0,25.0
clef,10,14.0,4.0,40.0
or,9,16.0,7.0,77.78
pensa,44,55.0,11.0,25.0
aussitôt,13,15.0,2.0,15.38
celle,7,11.0,4.0,57.14
hélas,5,6.0,1.0,20.0
serrures,1,2.0,1.0,100.0
grandes,2,11.0,9.0,450.0
put,5,13.0,8.0,160.0
toujours,14,21.0,7.0,50.0
aucune,6,8.0,2.0,33.33
second,3,4.0,1.0,33.33
tour,9,12.0,3.0,33.33
rideau,1,5.0,4.0,400.0
placé,2,5.0,3.0,150.0
derrière,10,14.0,4.0,40.0
trouvait,14,20.0,6.0,42.86
porte,34,40.0,6.0,17.65
quinze,2,8.0,6.0,300.0
pouces,6,11.0,5.0,83.33
serrure,1,8.0,7.0,700.0
joie,5,7.0,2.0,40.0
merveille,1,8.0,7.0,700.0
ouvrit,6,10.0,4.0,66.67
conduisait,1,1.0,0.0,0.0
étroit,2,3.0,1.0,50.0
rat,1,4.0,3.0,300.0
agenouilla,1,2.0,1.0,100.0
jetant,2,3.0,1.0,50.0
découvrit,3,6.0,3.0,100.0
ravissant,2,10.0,8.0,400.0
jardin,14,18.0,4.0,28.57
monde,23,28.0,5.0,21.74
oh,36,41.0,5.0,13.89
tardait,2,5.0,3.0,150.0
sortir,6,13.0,7.0,116.67
ténébreuse,1,2.0,1.0,100.0
errer,1,6.0,5.0,500.0
carrés,1,12.0,11.0,1100.0
brillantes,1,4.0,3.0,300.0
fraîches,2,4.0,2.0,100.0
fontaines,2,8.0,6.0,300.0
passer,13,18.0,5.0,38.46
passerait,1,2.0,1.0,100.0
servirait,1,6.0,5.0,500.0
épaules,4,6.0,2.0,50.0
voudrais,17,22.0,5.0,29.41
faculté,1,6.0,5.0,500.0
fermer,2,8.0,6.0,300.0
télescope,4,6.0,2.0,50.0
pourrait,9,10.0,1.0,11.11
savais,4,7.0,3.0,75.0
prendre,15,17.0,2.0,13.33
arrivé,7,13.0,6.0,85.71
extraordinaires,4,8.0,4.0,100.0
croire,2,5.0,3.0,150.0
guère,5,13.0,8.0,160.0
impossibles,1,5.0,4.0,400.0
avançait,3,6.0,3.0,100.0
attendre,6,9.0,3.0,50.0
retourna,3,10.0,7.0,233.33
vers,24,29.0,5.0,20.83
espérant,4,9.0,5.0,125.0
presque,14,20.0,6.0,42.86
grimoire,3,4.0,1.0,33.33
donnant,2,5.0,3.0,150.0
règles,2,7.0,5.0,250.0
suivre,2,7.0,5.0,250.0
bouteille,10,17.0,7.0,70.0
cou,8,18.0,10.0,125.0
attachée,1,13.0,12.0,1200.0
papier,3,8.0,5.0,166.67
buvez,3,11.0,8.0,266.67
admirablement,2,14.0,12.0,600.0
imprimés,1,5.0,4.0,400.0
grosses,2,6.0,4.0,200.0
lettres,1,4.0,3.0,300.0
facile,1,12.0,11.0,1100.0
fine,1,15.0,14.0,1400.0
obéir,2,4.0,2.0,100.0
aveuglette,1,6.0,5.0,500.0
examinons,1,4.0,3.0,300.0
poison,3,9.0,6.0,200.0
lu,4,7.0,3.0,75.0
jolis,3,6.0,3.0,100.0
petits,17,24.0,7.0,41.18
contes,2,5.0,3.0,150.0
enfants,8,17.0,9.0,112.5
brûlés,1,7.0,6.0,600.0
dévorés,1,2.0,1.0,100.0
bêtes,4,8.0,4.0,100.0
féroces,1,5.0,4.0,400.0
autres,32,38.0,6.0,18.75
désagréables,1,3.0,2.0,200.0
souvenus,1,8.0,7.0,700.0
instructions,1,6.0,5.0,500.0
simples,1,8.0,7.0,700.0
donnaient,1,4.0,3.0,300.0
parents,1,2.0,1.0,100.0
exemple,5,10.0,5.0,100.0
tisonnier,1,5.0,4.0,400.0
chauffé,1,8.0,7.0,700.0
brûle,1,3.0,2.0,200.0
mains,13,14.0,1.0,7.69
tiennent,1,9.0,8.0,800.0
longtemps,10,14.0,4.0,40.0
doigt,9,14.0,5.0,55.56
coupure,1,5.0,4.0,400.0
profonde,2,5.0,3.0,150.0
saigne,1,8.0,7.0,700.0
ordinaire,5,21.0,16.0,320.0
oublié,4,5.0,1.0,25.0
boit,1,6.0,5.0,500.0
immodérément,1,7.0,6.0,600.0
marquée,2,7.0,5.0,250.0
manque,2,5.0,3.0,150.0
brouiller,1,6.0,5.0,500.0
cœur,15,19.0,4.0,26.67
tôt,4,18.0,14.0,350.0
hasarda,5,12.0,7.0,140.0
goûter,1,6.0,5.0,500.0
contenu,1,4.0,3.0,300.0
trouvant,2,5.0,3.0,150.0
fort,29,31.0,2.0,6.9
mélange,2,10.0,8.0,400.0
tarte,1,11.0,10.0,1000.0
cerises,1,10.0,9.0,900.0
crème,1,4.0,3.0,300.0
ananas,1,5.0,4.0,400.0
dinde,1,7.0,6.0,600.0
truffée,1,10.0,9.0,900.0
nougat,1,5.0,4.0,400.0
rôties,1,5.0,4.0,400.0
beurre,10,17.0,7.0,70.0
avalé,1,7.0,6.0,600.0
sens,9,11.0,2.0,22.22
dirait,5,12.0,7.0,140.0
rentre,2,4.0,2.0,100.0
ferme,2,7.0,5.0,250.0
arrivait,1,15.0,14.0,1400.0
dix,6,15.0,9.0,150.0
éclair,1,3.0,2.0,200.0
visage,3,7.0,4.0,133.33
pensée,1,6.0,5.0,500.0
grandeur,8,12.0,4.0,50.0
voulue,1,10.0,9.0,900.0
pénétrer,3,10.0,7.0,233.33
attendit,8,15.0,7.0,87.5
pourtant,10,14.0,4.0,40.0
quelques,27,29.0,2.0,7.41
minutes,13,14.0,1.0,7.69
rapetisser,6,12.0,6.0,100.0
songez,2,7.0,5.0,250.0
finir,8,18.0,10.0,125.0
éteindre,1,2.0,1.0,100.0
chandelle,2,12.0,10.0,500.0
deviendrais,1,9.0,8.0,800.0
cherchait,7,12.0,5.0,71.43
imaginer,3,7.0,4.0,133.33
flamme,1,7.0,6.0,600.0
éteinte,1,2.0,1.0,100.0
rappelait,4,10.0,6.0,150.0
sorte,10,13.0,3.0,30.0
voyant,6,13.0,7.0,116.67
passait,2,6.0,4.0,200.0
décida,2,5.0,3.0,150.0
aller,15,22.0,7.0,46.67
suite,11,16.0,5.0,45.45
pauvre,21,25.0,4.0,19.05
arrivant,1,5.0,4.0,400.0
revint,4,7.0,3.0,75.0
bah,3,8.0,5.0,166.67
impossible,4,6.0,2.0,50.0
atteindre,2,8.0,6.0,300.0
voyait,7,18.0,11.0,157.14
clairement,3,7.0,4.0,133.33
fit,40,42.0,2.0,5.0
possible,6,13.0,7.0,116.67
grimper,1,9.0,8.0,800.0
glissant,2,4.0,2.0,100.0
enfin,22,26.0,4.0,18.18
épuisée,1,8.0,7.0,700.0
fatigue,1,9.0,8.0,800.0
enfant,19,20.0,1.0,5.26
assit,5,7.0,2.0,40.0
pleura,1,4.0,3.0,300.0
allons,11,15.0,4.0,36.36
pleurer,5,7.0,2.0,40.0
ainsi,21,30.0,9.0,42.86
vivement,15,20.0,5.0,33.33
conseille,1,9.0,8.0,800.0
mademoiselle,4,10.0,6.0,150.0
cesser,2,8.0,6.0,300.0
habitude,3,14.0,11.0,366.67
bons,1,8.0,7.0,700.0
conseils,2,4.0,2.0,100.0
suivît,1,2.0,1.0,100.0
rarement,1,8.0,7.0,700.0
grondait,1,5.0,4.0,400.0
larmes,11,24.0,13.0,118.18
venaient,6,9.0,3.0,50.0
donné,4,7.0,3.0,75.0
tapes,1,8.0,7.0,700.0
triché,1,7.0,6.0,600.0
partie,13,15.0,2.0,15.38
croquet,11,11.0,0.0,0.0
jouait,1,7.0,6.0,600.0
seule,6,20.0,14.0,233.33
étrange,7,13.0,6.0,85.71
aimait,3,10.0,7.0,233.33
personnages,2,5.0,3.0,150.0
moyen,6,9.0,3.0,50.0
présent,11,13.0,2.0,18.18
reste,12,17.0,5.0,41.67
boîte,2,6.0,4.0,200.0
petit,37,42.0,5.0,13.51
gâteau,4,12.0,8.0,200.0
lequel,8,15.0,7.0,87.5
mangez,2,5.0,3.0,150.0
tracés,1,6.0,5.0,500.0
raisins,1,5.0,4.0,400.0
corinthe,1,10.0,9.0,900.0
tiens,6,11.0,5.0,83.33
vais,20,31.0,11.0,55.0
manger,8,9.0,1.0,12.5
grandir,12,17.0,5.0,41.67
pourrai,4,8.0,4.0,100.0
ramper,1,5.0,4.0,400.0
pénétrerai,1,2.0,1.0,100.0
pourra,2,4.0,2.0,100.0
mangea,1,8.0,7.0,700.0
morceau,8,13.0,5.0,62.5
inquiète,1,8.0,7.0,700.0
grandissait,4,9.0,5.0,125.0
rapetissait,1,9.0,8.0,800.0
étonnée,2,9.0,7.0,350.0
franchement,2,4.0,2.0,100.0
souvent,10,14.0,4.0,40.0
lorsqu,14,26.0,12.0,85.71
mange,5,6.0,1.0,20.0
pris,4,4.0,0.0,0.0
paraissait,9,14.0,5.0,55.56
ennuyeux,1,3.0,2.0,200.0
stupide,1,6.0,5.0,500.0
vivre,4,6.0,2.0,50.0
œuvre,2,5.0,3.0,150.0
ii,1,11.0,10.0,1000.0
mare,13,17.0,4.0,30.77
curieux,6,11.0,5.0,83.33
écria,13,17.0,4.0,30.77
surprise,5,7.0,2.0,40.0
exprimer,2,8.0,6.0,300.0
correctement,1,4.0,3.0,300.0
allonge,1,3.0,2.0,200.0
adieu,1,5.0,4.0,400.0
venait,11,15.0,4.0,36.36
baisser,3,8.0,5.0,166.67
semblaient,3,11.0,8.0,266.67
éloigner,1,5.0,4.0,400.0
perte,1,3.0,2.0,200.0
vue,4,6.0,2.0,50.0
pauvres,3,7.0,4.0,133.33
mettra,1,4.0,3.0,300.0
souliers,3,8.0,5.0,166.67
mignons,1,6.0,5.0,500.0
quant,7,13.0,6.0,85.71
certainement,7,12.0,5.0,71.43
loin,14,21.0,7.0,50.0
occuper,1,8.0,7.0,700.0
arrangez,1,7.0,6.0,600.0
pourrez,1,11.0,10.0,1000.0
refuseront,1,4.0,3.0,300.0
voudrai,1,5.0,4.0,400.0
donnerai,1,2.0,1.0,100.0
paire,5,8.0,3.0,60.0
bottines,1,2.0,1.0,100.0
noël,1,10.0,9.0,900.0
chercha,2,11.0,9.0,450.0
esprit,8,11.0,3.0,37.5
prendrait,1,9.0,8.0,800.0
faudra,2,6.0,4.0,200.0
envoyer,4,9.0,5.0,125.0
messager,1,11.0,10.0,1000.0
chose,40,43.0,3.0,7.5
présents,1,3.0,2.0,200.0
adresse,2,8.0,6.0,300.0
monsieur,2,8.0,6.0,300.0
lepiédroit,1,17.0,16.0,1600.0
tapis,1,6.0,5.0,500.0
foyer,2,6.0,4.0,200.0
garde,4,8.0,4.0,100.0
feu,5,12.0,7.0,140.0
mlle,1,4.0,3.0,300.0
enfantillages,1,13.0,12.0,1200.0
heurta,1,1.0,0.0,0.0
contre,13,21.0,8.0,61.54
neuf,5,6.0,1.0,20.0
saisit,1,12.0,11.0,1100.0
courut,1,4.0,3.0,300.0
œil,6,16.0,10.0,166.67
fallait,6,10.0,4.0,66.67
honte,2,3.0,1.0,50.0
fille,6,12.0,6.0,100.0
finissez,4,7.0,3.0,75.0
continua,43,51.0,8.0,18.6
versant,1,7.0,6.0,600.0
torrents,1,4.0,3.0,300.0
fin,12,12.0,0.0,0.0
entourée,1,2.0,1.0,100.0
environ,7,12.0,5.0,71.43
étendant,2,5.0,3.0,150.0
jusqu,20,22.0,2.0,10.0
entendit,14,18.0,4.0,28.57
bruit,13,16.0,3.0,23.08
lointain,3,5.0,2.0,66.67
essuya,1,12.0,11.0,1100.0
toilette,1,6.0,5.0,500.0
gants,10,16.0,6.0,60.0
paille,2,3.0,1.0,50.0
éventail,10,13.0,3.0,30.0
accourait,1,4.0,3.0,300.0
affairé,2,7.0,5.0,250.0
marmottant,1,6.0,5.0,500.0
entre,10,14.0,4.0,40.0
dents,3,8.0,5.0,166.67
duchesse,42,48.0,6.0,14.29
colère,15,19.0,4.0,26.67
malheureuse,3,10.0,7.0,233.33
disposée,1,5.0,4.0,400.0
secours,1,4.0,3.0,300.0
venu,3,3.0,0.0,0.0
voix,53,59.0,6.0,11.32
humble,2,4.0,2.0,100.0
timide,2,7.0,5.0,250.0
prie,12,17.0,5.0,41.67
tressaillit,3,10.0,7.0,233.33
épouvante,2,8.0,6.0,300.0
laissa,2,11.0,9.0,450.0
mit,33,37.0,4.0,12.12
disparut,4,7.0,3.0,75.0
ténèbres,1,4.0,3.0,300.0
ramassa,2,2.0,0.0,0.0
chaud,2,6.0,4.0,200.0
éventa,1,7.0,6.0,600.0
faisant,8,13.0,5.0,62.5
conversation,12,14.0,2.0,16.67
aujourd,6,12.0,6.0,100.0
hui,6,6.0,0.0,0.0
hier,3,4.0,1.0,33.33
passaient,1,14.0,13.0,1300.0
changée,3,12.0,9.0,300.0
nuit,3,13.0,10.0,333.33
matin,5,8.0,3.0,60.0
levant,3,14.0,11.0,366.67
rappeler,2,6.0,4.0,200.0
trouvée,1,8.0,7.0,700.0
différente,2,9.0,7.0,350.0
embarras,2,6.0,4.0,200.0
revue,1,6.0,5.0,500.0
petites,10,13.0,3.0,30.0
filles,5,9.0,4.0,80.0
âge,6,16.0,10.0,166.67
connaissait,4,5.0,1.0,25.0
transformée,1,8.0,7.0,700.0
ada,1,1.0,0.0,0.0
longs,3,5.0,2.0,66.67
cheveux,5,14.0,9.0,180.0
bouclés,1,9.0,8.0,800.0
miens,1,7.0,6.0,600.0
frisent,1,14.0,13.0,1300.0
assurément,6,10.0,4.0,66.67
mabel,7,15.0,8.0,114.29
plein,5,13.0,8.0,160.0
sait,1,2.0,1.0,100.0
énigme,2,5.0,3.0,150.0
souviendrai,2,11.0,9.0,450.0
cinq,8,11.0,3.0,37.5
douze,4,7.0,3.0,75.0
six,2,10.0,8.0,400.0
treize,1,5.0,4.0,400.0
sept,6,11.0,5.0,83.33
vingt,3,5.0,2.0,66.67
train,7,14.0,7.0,100.0
importe,5,12.0,7.0,140.0
multiplication,1,4.0,3.0,300.0
essayons,2,8.0,6.0,300.0
géographie,1,9.0,8.0,800.0
londres,1,3.0,2.0,200.0
capitale,3,8.0,5.0,166.67
paris,2,16.0,14.0,700.0
rome,2,4.0,2.0,100.0
sûre,6,15.0,9.0,150.0
tâcher,3,5.0,2.0,66.67
réciter,5,9.0,4.0,80.0
maître,10,17.0,7.0,70.0
corbeau,4,9.0,5.0,125.0
croisa,3,14.0,11.0,366.67
genoux,6,10.0,4.0,66.67
fable,2,7.0,5.0,250.0
rauque,2,10.0,8.0,400.0
présentaient,1,2.0,1.0,100.0
autrefois,4,8.0,4.0,100.0
arbre,7,13.0,6.0,85.71
perché,1,8.0,7.0,700.0
nid,2,8.0,6.0,300.0
branches,3,3.0,0.0,0.0
relevé,1,7.0,6.0,600.0
manches,1,4.0,3.0,300.0
renard,1,5.0,4.0,400.0
descendez,1,9.0,8.0,800.0
compère,1,3.0,2.0,200.0
venez,13,17.0,4.0,30.77
embrasser,1,9.0,8.0,800.0
frère,2,5.0,3.0,150.0
reconnaissant,1,11.0,10.0,1000.0
répondit,34,36.0,2.0,5.88
ramage,1,3.0,2.0,200.0
fromage,1,4.0,3.0,300.0
remplirent,1,9.0,8.0,800.0
vilaine,1,7.0,6.0,600.0
maison,16,27.0,11.0,68.75
jouets,1,8.0,7.0,700.0
amuser,2,12.0,10.0,500.0
fera,6,12.0,6.0,100.0
apprendre,6,11.0,5.0,83.33
résolue,1,4.0,3.0,300.0
resterai,3,6.0,3.0,100.0
crier,4,8.0,4.0,100.0
reviens,1,7.0,6.0,600.0
chérie,1,4.0,3.0,300.0
contenterai,1,2.0,1.0,100.0
plaît,7,16.0,9.0,128.57
irai,1,9.0,8.0,800.0
sinon,1,8.0,7.0,700.0
devienne,1,15.0,14.0,1400.0
fondant,1,8.0,7.0,700.0
donnerais,1,4.0,3.0,300.0
montrer,5,14.0,9.0,180.0
ennuie,1,8.0,7.0,700.0
parlant,7,9.0,2.0,28.57
mis,6,9.0,3.0,50.0
pu,5,9.0,4.0,80.0
mettre,13,18.0,5.0,38.46
gant,1,5.0,4.0,400.0
rapetisse,1,5.0,4.0,400.0
leva,13,14.0,1.0,7.69
alla,6,14.0,8.0,133.33
mesurer,1,4.0,3.0,300.0
jugea,2,6.0,4.0,200.0
autant,4,11.0,7.0,175.0
rendre,4,10.0,6.0,150.0
compte,3,6.0,3.0,100.0
continuait,1,4.0,3.0,300.0
raccourcir,1,3.0,2.0,200.0
rapidement,3,8.0,5.0,166.67
cause,3,9.0,6.0,200.0
lâcha,1,12.0,11.0,1100.0
empêcher,7,11.0,4.0,57.14
viens,2,6.0,4.0,200.0
échapper,4,8.0,4.0,100.0
émue,1,3.0,2.0,200.0
changement,2,8.0,6.0,300.0
aise,7,12.0,5.0,71.43
existait,1,10.0,9.0,900.0
hâta,3,8.0,5.0,166.67
refermée,1,4.0,3.0,300.0
pis,1,5.0,4.0,400.0
glissa,4,8.0,4.0,100.0
flac,1,10.0,9.0,900.0
eau,10,13.0,3.0,30.0
salée,2,8.0,6.0,300.0
menton,7,10.0,3.0,42.86
crut,3,8.0,5.0,166.67
tombée,1,7.0,6.0,600.0
mer,13,21.0,8.0,61.54
cas,9,16.0,7.0,77.78
retournerai,1,9.0,8.0,800.0
fer,2,6.0,4.0,200.0
bord,5,6.0,1.0,20.0
vie,8,10.0,2.0,25.0
figurait,1,5.0,4.0,400.0
côtes,1,7.0,6.0,600.0
trouvent,1,6.0,5.0,500.0
nombre,4,10.0,6.0,150.0
cabines,1,3.0,2.0,200.0
baigneurs,1,11.0,10.0,1000.0
trous,1,5.0,4.0,400.0
sable,1,3.0,2.0,200.0
pelles,1,7.0,6.0,600.0
bois,9,12.0,3.0,33.33
ligne,1,9.0,8.0,800.0
maisons,2,7.0,5.0,250.0
gare,3,7.0,4.0,133.33
comprit,6,8.0,2.0,33.33
formée,1,2.0,1.0,100.0
pleurées,1,9.0,8.0,800.0
pleuré,1,13.0,12.0,1200.0
nageant,3,8.0,5.0,166.67
punie,1,3.0,2.0,200.0
doute,12,16.0,4.0,33.33
noyant,1,4.0,3.0,300.0
propres,2,8.0,6.0,300.0
patauger,1,7.0,6.0,600.0
nagea,2,9.0,7.0,350.0
devait,5,11.0,6.0,120.0
cheval,2,10.0,8.0,400.0
marin,1,4.0,3.0,300.0
hippopotame,1,2.0,1.0,100.0
rappela,3,8.0,5.0,166.67
simplement,6,17.0,11.0,183.33
glissé,1,3.0,2.0,200.0
adressais,1,4.0,3.0,300.0
sût,3,10.0,7.0,233.33
essayer,4,9.0,5.0,125.0
savez,17,21.0,4.0,23.53
fatiguée,3,6.0,3.0,100.0
nager,5,11.0,6.0,120.0
interpeller,1,5.0,4.0,400.0
arrivée,3,6.0,3.0,100.0
souvenait,1,5.0,4.0,400.0
grammaire,1,6.0,5.0,500.0
latine,1,4.0,3.0,300.0
inquisiteur,1,6.0,5.0,500.0
cligner,1,3.0,2.0,200.0
comprend,1,3.0,2.0,200.0
langue,2,6.0,4.0,200.0
étrangère,1,7.0,6.0,600.0
nouvellement,1,9.0,8.0,800.0
débarquée,1,2.0,1.0,100.0
italien,3,7.0,4.0,133.33
dove,1,4.0,3.0,300.0
mio,1,3.0,2.0,200.0
gatto,1,4.0,3.0,300.0
premiers,2,10.0,8.0,400.0
bond,2,9.0,7.0,350.0
parut,8,9.0,1.0,12.5
trembler,3,17.0,14.0,466.67
membres,1,2.0,1.0,100.0
pardons,1,3.0,2.0,200.0
craignait,1,3.0,2.0,200.0
animal,4,12.0,8.0,200.0
oubliais,2,9.0,7.0,350.0
aimez,4,15.0,11.0,275.0
aimer,1,6.0,5.0,500.0
cria,34,43.0,9.0,26.47
perçante,3,10.0,7.0,233.33
aimeriez,1,2.0,1.0,100.0
place,13,19.0,6.0,46.15
caressante,2,5.0,3.0,150.0
apaiser,1,3.0,2.0,200.0
fâchez,1,7.0,6.0,600.0
chatte,3,16.0,13.0,433.33
voyiez,2,7.0,5.0,250.0
affection,1,4.0,3.0,300.0
douce,1,3.0,2.0,200.0
gentille,1,10.0,9.0,900.0
nonchalamment,1,9.0,8.0,800.0
tient,3,8.0,5.0,166.67
gentiment,1,1.0,0.0,0.0
rouet,2,10.0,8.0,400.0
lécher,1,8.0,7.0,700.0
pattes,8,11.0,3.0,37.5
débarbouiller,1,3.0,2.0,200.0
poil,3,13.0,10.0,333.33
doux,3,6.0,3.0,100.0
caresser,1,6.0,5.0,500.0
attrape,3,14.0,11.0,366.67
hérissé,1,2.0,1.0,100.0
parlerons,2,6.0,4.0,200.0
tremblant,3,6.0,3.0,100.0
queue,11,20.0,9.0,81.82
parlais,1,5.0,4.0,400.0
pareilles,2,18.0,16.0,800.0
famille,1,8.0,7.0,700.0
détesté,1,5.0,4.0,400.0
viles,1,9.0,8.0,800.0
créatures,7,14.0,7.0,100.0
foi,2,9.0,7.0,350.0
loi,1,6.0,5.0,500.0
entende,1,4.0,3.0,300.0
hâte,1,8.0,7.0,700.0
changer,6,8.0,2.0,33.33
chiens,3,10.0,7.0,233.33
chien,12,13.0,1.0,8.33
mignon,1,7.0,6.0,600.0
vifs,3,7.0,4.0,133.33
poils,1,6.0,5.0,500.0
bruns,1,3.0,2.0,200.0
frisés,2,3.0,1.0,50.0
rapporte,1,4.0,3.0,300.0
tours,2,4.0,2.0,100.0
appartient,2,5.0,3.0,150.0
fermier,1,6.0,5.0,500.0
donnerait,1,2.0,1.0,100.0
francs,2,3.0,1.0,50.0
utile,2,4.0,2.0,100.0
tue,1,4.0,3.0,300.0
rats,2,4.0,2.0,100.0
chagrin,5,6.0,1.0,20.0
offensée,1,3.0,2.0,200.0
éloignait,1,5.0,4.0,400.0
forces,5,14.0,9.0,180.0
agitée,1,5.0,4.0,400.0
revenez,5,16.0,11.0,220.0
puisque,5,8.0,3.0,60.0
volte,1,5.0,4.0,400.0
face,8,11.0,3.0,37.5
rapprocha,1,5.0,4.0,400.0
pâle,3,19.0,16.0,533.33
tremblante,6,8.0,2.0,33.33
gagnons,1,13.0,12.0,1200.0
rive,2,8.0,6.0,300.0
conterai,1,8.0,7.0,700.0
histoire,17,21.0,4.0,23.53
verrez,2,11.0,9.0,450.0
hais,1,4.0,3.0,300.0
couvrait,1,4.0,3.0,300.0
oiseaux,8,11.0,3.0,37.5
sortes,2,7.0,5.0,250.0
animaux,3,9.0,6.0,200.0
tombés,1,5.0,4.0,400.0
canard,3,7.0,4.0,133.33
dodo,14,16.0,2.0,14.29
lory,7,12.0,5.0,71.43
aiglon,3,8.0,5.0,166.67
devants,1,10.0,9.0,900.0
troupe,2,8.0,6.0,300.0
iii,1,6.0,5.0,500.0
course,7,11.0,4.0,57.14
cocasse,3,11.0,8.0,266.67
formaient,1,6.0,5.0,500.0
assemblée,3,15.0,12.0,400.0
grotesque,1,4.0,3.0,300.0
êtres,3,8.0,5.0,166.67
singuliers,1,1.0,0.0,0.0
réunis,1,3.0,2.0,200.0
uns,7,13.0,6.0,85.71
plumes,1,4.0,3.0,300.0
désordre,2,5.0,3.0,150.0
plaqué,1,9.0,8.0,800.0
corps,3,7.0,4.0,133.33
trempés,1,9.0,8.0,800.0
mauvaise,3,6.0,3.0,100.0
humeur,3,10.0,7.0,233.33
sécher,3,11.0,8.0,266.67
première,16,22.0,6.0,37.5
va,16,21.0,5.0,31.25
instants,11,17.0,6.0,54.55
causer,3,6.0,3.0,100.0
familièrement,1,2.0,1.0,100.0
berceau,1,18.0,17.0,1700.0
discussion,2,5.0,3.0,150.0
mine,6,13.0,7.0,116.67
boudeur,2,20.0,18.0,900.0
âgé,1,7.0,6.0,600.0
conséquent,1,7.0,6.0,600.0
voulut,3,8.0,5.0,166.67
accepter,2,5.0,3.0,150.0
conclusion,2,7.0,5.0,250.0
celui,9,13.0,4.0,44.44
refusa,1,5.0,4.0,400.0
net,1,5.0,4.0,400.0
terme,1,4.0,3.0,300.0
débat,1,6.0,5.0,500.0
certain,2,4.0,2.0,100.0
ascendant,1,6.0,5.0,500.0
asseyez,3,7.0,4.0,133.33
écoutez,2,9.0,7.0,350.0
réponds,1,7.0,6.0,600.0
rond,3,9.0,6.0,200.0
tenait,6,10.0,4.0,66.67
fixés,3,3.0,0.0,0.0
inquiétude,6,16.0,10.0,166.67
vilain,4,7.0,3.0,75.0
rhume,1,5.0,4.0,400.0
sèche,2,11.0,9.0,450.0
hum,2,8.0,6.0,300.0
importance,1,3.0,2.0,200.0
prêts,1,2.0,1.0,100.0
sec,4,6.0,2.0,50.0
silence,17,23.0,6.0,35.29
cercle,3,7.0,4.0,133.33
guillaume,7,8.0,1.0,14.29
conquérant,1,5.0,4.0,400.0
dont,8,12.0,4.0,50.0
pape,1,8.0,7.0,700.0
embrassé,1,5.0,4.0,400.0
parti,4,8.0,4.0,100.0
soumit,1,10.0,9.0,900.0
anglais,1,4.0,3.0,300.0
manquaient,1,3.0,2.0,200.0
chefs,1,8.0,7.0,700.0
commençaient,1,5.0,4.0,400.0
accoutumer,2,7.0,5.0,250.0
usurpations,1,5.0,4.0,400.0
conquêtes,1,4.0,3.0,300.0
étrangers,1,7.0,6.0,600.0
edwin,2,7.0,5.0,250.0
morcar,2,6.0,4.0,200.0
comtes,2,9.0,7.0,350.0
mercie,2,9.0,7.0,350.0
northumbrie,2,6.0,4.0,200.0
brrr,1,10.0,9.0,900.0
grelottait,1,6.0,5.0,500.0
demanda,20,22.0,2.0,10.0
fronçant,2,3.0,1.0,50.0
sourcil,1,4.0,3.0,300.0
poliment,6,11.0,5.0,83.33
répliqua,9,12.0,3.0,33.33
croyais,1,6.0,5.0,500.0
continue,1,4.0,3.0,300.0
déclarèrent,1,6.0,5.0,500.0
faveur,1,3.0,2.0,200.0
stigand,1,7.0,6.0,600.0
archevêque,3,6.0,3.0,100.0
patriote,1,6.0,5.0,500.0
cantorbery,1,5.0,4.0,400.0
impatience,6,15.0,9.0,150.0
veut,9,14.0,5.0,55.56
parfaitement,2,2.0,0.0,0.0
trouvé,3,8.0,5.0,166.67
ver,1,4.0,3.0,300.0
grenouille,4,7.0,3.0,75.0
ajouta,21,22.0,1.0,4.76
agit,2,11.0,9.0,450.0
continuer,3,5.0,2.0,66.67
politique,1,3.0,2.0,200.0
edgar,1,15.0,14.0,1400.0
atheling,1,8.0,7.0,700.0
rencontre,1,6.0,5.0,500.0
offrir,2,9.0,7.0,350.0
prince,1,10.0,9.0,900.0
insolence,1,2.0,1.0,100.0
vassaux,1,4.0,3.0,300.0
normands,1,4.0,3.0,300.0
tournant,10,14.0,4.0,40.0
mouillée,1,4.0,3.0,300.0
ennui,2,18.0,16.0,800.0
emphase,2,9.0,7.0,350.0
dressant,2,8.0,6.0,300.0
propose,3,8.0,5.0,166.67
ajournement,1,3.0,2.0,200.0
adoption,1,1.0,0.0,0.0
immédiate,1,5.0,4.0,400.0
mesures,1,6.0,5.0,500.0
énergiques,1,3.0,2.0,200.0
parlez,4,10.0,6.0,150.0
français,1,5.0,4.0,400.0
comprends,6,9.0,3.0,50.0
compreniez,1,9.0,8.0,800.0
baissa,1,4.0,3.0,300.0
cacher,1,7.0,6.0,600.0
sourire,2,5.0,3.0,150.0
ricanèrent,1,7.0,6.0,600.0
proposer,2,8.0,6.0,300.0
vexé,1,9.0,8.0,800.0
pouvons,2,8.0,6.0,300.0
tînt,2,11.0,9.0,450.0
pause,2,9.0,7.0,350.0
attendait,3,16.0,13.0,433.33
questionné,1,7.0,6.0,600.0
semblait,4,5.0,1.0,25.0
disposé,1,9.0,8.0,800.0
meilleure,3,8.0,5.0,166.67
expliquer,8,13.0,5.0,62.5
pourriez,9,10.0,1.0,11.11
jours,9,16.0,7.0,77.78
hiver,1,2.0,1.0,100.0
envie,3,5.0,2.0,66.67
traça,1,2.0,1.0,100.0
terrain,4,17.0,13.0,325.0
espèce,7,13.0,6.0,85.71
forme,4,12.0,8.0,200.0
coureurs,1,3.0,2.0,200.0
placés,1,3.0,2.0,200.0
indifféremment,1,14.0,13.0,1300.0
chacun,8,13.0,5.0,62.5
partit,3,8.0,5.0,166.67
arrêta,5,9.0,4.0,80.0
aisé,2,3.0,1.0,50.0
finirait,1,6.0,5.0,500.0
demi,3,6.0,3.0,100.0
finie,1,6.0,5.0,500.0
haletants,1,6.0,5.0,500.0
entourent,1,6.0,5.0,500.0
demandent,1,9.0,8.0,800.0
gagné,2,6.0,4.0,200.0
donna,4,8.0,4.0,100.0
resta,6,7.0,1.0,16.67
assis,9,13.0,4.0,44.44
appuyé,3,8.0,5.0,166.67
front,2,3.0,1.0,50.0
pose,1,7.0,6.0,600.0
shakespeare,1,2.0,1.0,100.0
portraits,1,3.0,2.0,200.0
attendaient,2,6.0,4.0,200.0
prix,7,10.0,3.0,42.86
donnera,1,9.0,8.0,800.0
demandèrent,1,11.0,10.0,1000.0
montrant,3,7.0,4.0,133.33
entoura,1,1.0,0.0,0.0
criant,2,4.0,2.0,100.0
confusément,1,6.0,5.0,500.0
savait,14,16.0,2.0,14.29
poche,4,8.0,4.0,100.0
tira,1,5.0,4.0,400.0
dragées,6,12.0,6.0,100.0
heureusement,2,6.0,4.0,200.0
pénétré,1,5.0,4.0,400.0
assez,23,23.0,0.0,0.0
raison,12,21.0,9.0,75.0
gravement,4,15.0,11.0,275.0
dé,4,5.0,1.0,25.0
groupèrent,1,4.0,3.0,300.0
présentait,1,5.0,4.0,400.0
solennellement,1,12.0,11.0,1100.0
prions,2,3.0,1.0,50.0
superbe,2,5.0,3.0,150.0
discours,1,6.0,5.0,500.0
hourra,1,13.0,12.0,1200.0
ridicule,4,14.0,10.0,250.0
grave,4,7.0,3.0,75.0
rire,5,11.0,6.0,120.0
réponse,5,7.0,2.0,40.0
venant,1,1.0,0.0,0.0
contenta,4,10.0,6.0,150.0
sérieux,1,19.0,18.0,1800.0
gros,6,10.0,4.0,66.67
plaignirent,1,6.0,5.0,500.0
goût,3,8.0,5.0,166.67
fallut,1,5.0,4.0,400.0
taper,2,8.0,6.0,300.0
étranglaient,1,9.0,8.0,800.0
rentra,1,8.0,7.0,700.0
calme,3,5.0,2.0,66.67
pria,1,5.0,4.0,400.0
raconter,5,8.0,3.0,60.0
promis,1,3.0,2.0,200.0
détestez,1,4.0,3.0,300.0
craignant,3,6.0,3.0,100.0
déplaire,1,7.0,6.0,600.0
soupira,3,5.0,2.0,66.67
traînante,3,4.0,1.0,33.33
ressemblance,1,11.0,10.0,1000.0
regardant,11,14.0,3.0,27.27
parlait,4,10.0,6.0,150.0
idées,2,5.0,3.0,150.0
brouillaient,1,3.0,2.0,200.0
canichon,3,8.0,5.0,166.67
logis,1,8.0,7.0,700.0
propice,1,7.0,6.0,600.0
justice,3,5.0,2.0,66.67
succès,2,5.0,3.0,150.0
procès,10,23.0,13.0,130.0
commençons,1,6.0,5.0,500.0
affaire,6,9.0,3.0,50.0
juge,3,7.0,4.0,133.33
jurés,22,27.0,5.0,22.73
malice,1,5.0,4.0,400.0
tort,1,4.0,3.0,300.0
condamner,2,8.0,6.0,300.0
mort,5,9.0,4.0,80.0
sévère,3,5.0,2.0,66.67
pensez,3,7.0,4.0,133.33
humblement,3,12.0,9.0,300.0
cinquième,1,8.0,7.0,700.0
détour,2,5.0,3.0,150.0
croyez,2,4.0,2.0,100.0
véracité,1,7.0,6.0,600.0
citer,1,6.0,5.0,500.0
fournir,1,13.0,12.0,1200.0
prête,4,8.0,4.0,100.0
service,1,11.0,10.0,1000.0
besoin,3,8.0,5.0,166.67
insulter,1,8.0,7.0,700.0
sottises,2,10.0,8.0,400.0
intention,1,2.0,1.0,100.0
offenser,2,7.0,5.0,250.0
conciliante,1,3.0,2.0,200.0
susceptible,1,3.0,2.0,200.0
grommela,2,3.0,1.0,50.0
éloigna,3,9.0,6.0,200.0
dirent,2,4.0,2.0,100.0
chœur,2,8.0,6.0,300.0
supplions,1,5.0,4.0,400.0
secouant,3,4.0,1.0,33.33
dommage,3,3.0,0.0,0.0
restée,1,5.0,4.0,400.0
soupirant,3,11.0,8.0,266.67
sitôt,5,10.0,5.0,100.0
vieux,11,14.0,3.0,27.27
crabe,3,9.0,6.0,200.0
profitant,2,8.0,6.0,300.0
fils,1,13.0,12.0,1200.0
serve,1,6.0,5.0,500.0
apprenne,1,6.0,5.0,500.0
emporter,2,6.0,4.0,200.0
taisez,3,6.0,3.0,100.0
papa,1,9.0,8.0,800.0
jeune,6,19.0,13.0,216.67
aigre,1,15.0,14.0,1400.0
feriez,5,7.0,2.0,40.0
patience,2,6.0,4.0,200.0
huître,3,9.0,6.0,200.0
adresser,1,6.0,5.0,500.0
ramenée,1,8.0,7.0,700.0
indiscrétion,1,12.0,11.0,1100.0
empressement,7,9.0,2.0,28.57
favorite,1,6.0,5.0,500.0
saviez,2,4.0,2.0,100.0
vus,4,12.0,8.0,200.0
croqués,1,5.0,4.0,400.0
paroles,4,18.0,14.0,350.0
produisirent,1,6.0,5.0,500.0
singulier,4,8.0,4.0,100.0
enfuirent,1,7.0,6.0,600.0
vieille,5,11.0,6.0,120.0
pie,2,12.0,10.0,500.0
enveloppant,1,7.0,6.0,600.0
soin,2,3.0,1.0,50.0
murmura,4,8.0,4.0,100.0
vaut,2,6.0,4.0,200.0
gorge,1,3.0,2.0,200.0
canari,1,9.0,8.0,800.0
mettiez,1,5.0,4.0,400.0
lit,1,10.0,9.0,900.0
prétexte,1,2.0,1.0,100.0
esquiva,1,5.0,4.0,400.0
parlé,4,10.0,6.0,150.0
aime,7,14.0,7.0,100.0
chère,4,8.0,4.0,100.0
reverrai,1,5.0,4.0,400.0
sentait,4,10.0,6.0,150.0
triste,5,9.0,4.0,80.0
abattue,1,10.0,9.0,900.0
empressa,2,5.0,3.0,150.0
changé,5,7.0,2.0,40.0
revenait,2,4.0,2.0,100.0
iv,1,3.0,2.0,200.0
habitation,1,9.0,8.0,800.0
trottinant,1,3.0,2.0,200.0
côtés,7,13.0,6.0,85.71
inquiet,8,11.0,3.0,37.5
perdu,2,4.0,2.0,100.0
marmottait,1,5.0,4.0,400.0
robe,2,5.0,3.0,150.0
moustaches,2,7.0,5.0,250.0
guillotiner,1,11.0,10.0,1000.0
vrai,9,12.0,3.0,33.33
furets,2,7.0,5.0,250.0
perdus,1,10.0,9.0,900.0
devina,2,4.0,2.0,100.0
chercher,9,18.0,9.0,100.0
bain,1,7.0,6.0,600.0
furetait,1,6.0,5.0,500.0
marianne,4,11.0,7.0,175.0
courez,2,4.0,2.0,100.0
dépêchons,1,13.0,12.0,1200.0
direction,3,6.0,3.0,100.0
indiquait,1,6.0,5.0,500.0
trompait,1,6.0,5.0,500.0
courant,4,13.0,9.0,225.0
étonné,1,6.0,5.0,500.0
saura,1,8.0,7.0,700.0
porter,6,11.0,5.0,83.33
plaque,1,7.0,6.0,600.0
cuivre,1,5.0,4.0,400.0
jean,1,8.0,7.0,700.0
monta,1,2.0,1.0,100.0
entra,5,10.0,5.0,100.0
frapper,6,11.0,5.0,83.33
rencontrer,1,4.0,3.0,300.0
vraie,2,7.0,5.0,250.0
commissions,1,2.0,1.0,100.0
enverra,1,6.0,5.0,500.0
commission,1,15.0,14.0,1400.0
passeraient,1,6.0,5.0,500.0
apprêter,2,5.0,3.0,150.0
promenade,1,11.0,10.0,1000.0
veille,1,1.0,0.0,0.0
revienne,1,4.0,3.0,300.0
pense,4,4.0,0.0,0.0
garderait,1,11.0,10.0,1000.0
mettait,1,3.0,2.0,200.0
commander,1,5.0,4.0,400.0
causant,2,6.0,4.0,200.0
entrée,3,8.0,5.0,166.67
chambre,4,5.0,1.0,25.0
embrasure,1,9.0,8.0,800.0
fenêtre,8,14.0,6.0,75.0
paires,1,5.0,4.0,400.0
chevreau,1,6.0,5.0,500.0
quitter,5,8.0,3.0,60.0
miroir,1,3.0,2.0,200.0
inscription,1,2.0,1.0,100.0
empêcha,1,4.0,3.0,300.0
déboucher,1,6.0,5.0,500.0
lèvres,1,6.0,5.0,500.0
intéressant,3,14.0,11.0,366.67
lorsque,3,6.0,3.0,100.0
espère,3,7.0,4.0,133.33
regrandir,1,9.0,8.0,800.0
nabote,1,14.0,13.0,1300.0
bu,2,3.0,1.0,50.0
touchait,1,4.0,3.0,300.0
forcée,2,8.0,6.0,300.0
casser,1,2.0,1.0,100.0
davantage,3,5.0,2.0,66.67
plancher,2,6.0,4.0,200.0
position,3,8.0,5.0,166.67
tenir,4,6.0,2.0,50.0
coude,4,6.0,2.0,50.0
bras,23,23.0,0.0,0.0
passé,3,8.0,5.0,166.67
obligée,1,6.0,5.0,500.0
dernière,4,6.0,2.0,50.0
ressource,1,18.0,17.0,1700.0
pendre,2,4.0,2.0,100.0
enfoncer,1,2.0,1.0,100.0
cheminée,4,8.0,4.0,100.0
peux,6,10.0,4.0,66.67
magique,1,1.0,0.0,0.0
produit,1,2.0,1.0,100.0
cessa,3,10.0,7.0,233.33
gênante,1,8.0,7.0,700.0
chance,1,5.0,4.0,400.0
pût,6,11.0,5.0,83.33
trouvât,1,7.0,6.0,600.0
agréable,4,7.0,3.0,75.0
passais,1,4.0,3.0,300.0
domestique,1,4.0,3.0,300.0
lapins,1,2.0,1.0,100.0
descendue,1,9.0,8.0,800.0
lisais,1,12.0,11.0,1100.0
fées,1,5.0,4.0,400.0
imaginais,1,2.0,1.0,100.0
pleine,3,8.0,5.0,166.67
féerie,1,12.0,11.0,1100.0
aventures,8,10.0,2.0,25.0
avantages,1,17.0,16.0,1600.0
femme,1,7.0,6.0,600.0
aimerais,3,13.0,10.0,333.33
folle,4,13.0,9.0,225.0
livres,2,9.0,7.0,350.0
tantôt,6,9.0,3.0,50.0
demandes,1,5.0,4.0,400.0
réponses,2,7.0,5.0,250.0
établissant,1,5.0,4.0,400.0
écouter,5,12.0,7.0,140.0
criait,5,7.0,2.0,40.0
allez,6,9.0,3.0,50.0
piétinements,1,5.0,4.0,400.0
trembla,1,5.0,4.0,400.0
ébranla,1,6.0,5.0,500.0
oubliant,3,7.0,4.0,133.33
craindre,1,2.0,1.0,100.0
ouvrait,1,3.0,2.0,200.0
fortement,4,5.0,1.0,25.0
tentative,1,12.0,11.0,1100.0
vaine,1,8.0,7.0,700.0
murmurait,1,6.0,5.0,500.0
entrerai,1,6.0,5.0,500.0
défie,1,3.0,2.0,200.0
étendit,3,7.0,4.0,133.33
saisir,3,6.0,3.0,100.0
cri,5,16.0,11.0,220.0
vitres,3,5.0,2.0,66.67
cassées,3,7.0,4.0,133.33
penser,3,9.0,6.0,200.0
tombé,1,7.0,6.0,600.0
châssis,2,7.0,5.0,250.0
serre,1,9.0,8.0,800.0
concombre,1,2.0,1.0,100.0
patrice,3,6.0,3.0,100.0
not,4,9.0,5.0,125.0
bêchons,1,8.0,7.0,700.0
pommes,2,8.0,6.0,300.0
furieux,3,8.0,5.0,166.67
aider,1,5.0,4.0,400.0
imbécile,1,5.0,4.0,400.0
dimension,1,9.0,8.0,800.0
bouche,14,17.0,3.0,21.43
enlève,1,10.0,9.0,900.0
entendait,4,8.0,4.0,100.0
chuchotements,1,5.0,4.0,400.0
osons,1,2.0,1.0,100.0
capon,1,8.0,7.0,700.0
agripper,1,7.0,6.0,600.0
cris,4,6.0,2.0,50.0
demande,3,10.0,7.0,233.33
retirer,4,8.0,4.0,100.0
souhaite,1,9.0,8.0,800.0
roues,1,7.0,6.0,600.0
distingua,1,6.0,5.0,500.0
échelle,1,5.0,4.0,400.0
apporter,1,1.0,0.0,0.0
jacques,15,27.0,12.0,80.0
apporte,2,5.0,3.0,150.0
garçon,2,9.0,7.0,350.0
dressez,1,9.0,8.0,800.0
attachez,1,2.0,1.0,100.0
difficile,4,9.0,5.0,125.0
corde,1,4.0,3.0,300.0
toit,3,4.0,1.0,33.33
portera,1,4.0,3.0,300.0
attention,8,12.0,4.0,50.0
tuile,1,7.0,6.0,600.0
dégringole,1,5.0,4.0,400.0
têtes,2,6.0,4.0,200.0
fracas,2,2.0,0.0,0.0
descendre,4,7.0,3.0,75.0
hohé,1,5.0,4.0,400.0
descendes,1,5.0,4.0,400.0
paraît,1,6.0,5.0,500.0
met,5,10.0,5.0,100.0
lancer,1,1.0,0.0,0.0
retira,2,9.0,7.0,350.0
bougea,2,6.0,4.0,200.0
entendît,1,7.0,6.0,600.0
deviner,3,5.0,2.0,66.67
grattait,1,2.0,1.0,100.0
lança,2,5.0,3.0,150.0
arriver,4,10.0,6.0,150.0
général,1,5.0,4.0,400.0
attrapez,1,2.0,1.0,100.0
confus,1,17.0,16.0,1600.0
soutenez,1,4.0,3.0,300.0
engouer,1,6.0,5.0,500.0
camarade,4,6.0,2.0,50.0
raconte,1,6.0,5.0,500.0
faible,3,6.0,3.0,100.0
flûtée,1,3.0,2.0,200.0
merci,5,7.0,2.0,40.0
bouleversé,1,1.0,0.0,0.0
conter,3,15.0,12.0,400.0
poussé,2,8.0,6.0,300.0
ressort,1,5.0,4.0,400.0
fusée,1,4.0,3.0,300.0
disaient,2,8.0,6.0,300.0
osez,1,4.0,3.0,300.0
envoie,1,8.0,7.0,700.0
enlèveraient,1,7.0,6.0,600.0
allées,1,7.0,6.0,600.0
venues,2,5.0,3.0,150.0
recommencèrent,1,5.0,4.0,400.0
brouettée,2,6.0,4.0,200.0
suffira,1,4.0,3.0,300.0
grêle,1,2.0,1.0,100.0
cailloux,2,9.0,7.0,350.0
battre,3,5.0,2.0,66.67
atteignirent,1,6.0,5.0,500.0
ferez,1,4.0,3.0,300.0
recommencer,2,6.0,4.0,200.0
produisit,1,9.0,8.0,800.0
remarqua,2,5.0,3.0,150.0
tombant,1,6.0,5.0,500.0
changeaient,1,9.0,8.0,800.0
gâteaux,3,10.0,7.0,233.33
brillante,2,8.0,6.0,300.0
traversa,2,2.0,0.0,0.0
manquera,1,10.0,9.0,900.0
rapetisserai,1,4.0,3.0,300.0
avala,1,6.0,5.0,500.0
diminuait,2,6.0,4.0,200.0
échappa,1,8.0,7.0,700.0
foule,3,5.0,2.0,66.67
lézard,6,10.0,4.0,66.67
soutenu,1,8.0,7.0,700.0
cochons,5,10.0,5.0,100.0
inde,6,18.0,12.0,200.0
faisaient,3,3.0,0.0,0.0
boire,4,9.0,5.0,125.0
précipitèrent,2,5.0,3.0,150.0
sûreté,1,2.0,1.0,100.0
touffu,1,5.0,4.0,400.0
errant,1,2.0,1.0,100.0
revenir,1,10.0,9.0,900.0
seconde,1,8.0,7.0,700.0
conduise,1,5.0,4.0,400.0
plan,1,4.0,3.0,300.0
campagne,1,4.0,3.0,300.0
excellent,1,5.0,4.0,400.0
simple,5,11.0,6.0,120.0
habilement,1,7.0,6.0,600.0
combiné,1,2.0,1.0,100.0
difficulté,2,12.0,10.0,500.0
exécuter,5,10.0,5.0,100.0
regardait,9,14.0,5.0,55.56
tapinois,1,8.0,7.0,700.0
précaution,1,9.0,8.0,800.0
arbres,6,10.0,4.0,66.67
aboiement,1,4.0,3.0,300.0
énorme,2,5.0,3.0,150.0
ronds,1,3.0,2.0,200.0
étendait,1,5.0,4.0,400.0
légèrement,1,9.0,8.0,800.0
patte,3,7.0,4.0,133.33
toucher,1,10.0,9.0,900.0
essayant,2,13.0,11.0,550.0
siffler,2,8.0,6.0,300.0
terrible,3,8.0,5.0,166.67
faim,3,8.0,5.0,166.67
mangerait,1,8.0,7.0,700.0
dépit,1,4.0,3.0,300.0
câlineries,1,5.0,4.0,400.0
baguette,1,1.0,0.0,0.0
présenta,2,8.0,6.0,300.0
bondit,1,9.0,8.0,800.0
aboyant,1,3.0,2.0,200.0
jeta,5,10.0,5.0,100.0
bâton,3,11.0,8.0,266.67
jouer,3,6.0,3.0,100.0
chardon,2,5.0,3.0,150.0
foulée,1,3.0,2.0,200.0
reparut,3,6.0,3.0,100.0
précipita,2,8.0,6.0,300.0
butta,1,8.0,7.0,700.0
cabriole,2,4.0,2.0,100.0
ressemblait,2,3.0,1.0,50.0
ferait,9,11.0,2.0,22.22
charrette,1,8.0,7.0,700.0
écrasée,1,5.0,4.0,400.0
tourner,2,7.0,5.0,250.0
série,1,5.0,4.0,400.0
charges,1,3.0,2.0,200.0
reculait,1,2.0,1.0,100.0
aboiements,2,4.0,2.0,100.0
rauques,1,5.0,4.0,400.0
coucha,1,2.0,1.0,100.0
distance,1,4.0,3.0,300.0
haletant,1,5.0,4.0,400.0
pendante,1,9.0,8.0,800.0
fermés,2,6.0,4.0,200.0
haleine,3,6.0,3.0,100.0
faiblement,1,10.0,9.0,900.0
joli,2,8.0,6.0,300.0
appuyant,1,10.0,9.0,900.0
bouton,1,7.0,6.0,600.0
reposer,1,4.0,3.0,300.0
éventant,1,4.0,3.0,300.0
plante,1,6.0,5.0,500.0
volontiers,1,9.0,8.0,800.0
enseigné,1,3.0,2.0,200.0
devrais,1,3.0,2.0,200.0
brins,1,5.0,4.0,400.0
herbes,3,8.0,5.0,166.67
parût,1,1.0,0.0,0.0
circonstances,1,4.0,3.0,300.0
présentes,1,6.0,5.0,500.0
poussait,2,5.0,3.0,150.0
champignon,10,22.0,12.0,120.0
examiné,2,9.0,7.0,350.0
dessous,6,13.0,7.0,116.67
dressa,1,11.0,10.0,1000.0
pointe,2,9.0,7.0,350.0
regards,2,5.0,3.0,150.0
rencontrèrent,3,5.0,2.0,66.67
grosse,1,5.0,4.0,400.0
chenille,31,32.0,1.0,3.23
bleue,1,7.0,6.0,600.0
sommet,2,6.0,4.0,200.0
croisés,2,4.0,2.0,100.0
fumant,1,3.0,2.0,200.0
tranquillement,5,10.0,5.0,100.0
pipe,3,8.0,5.0,166.67
turque,1,5.0,4.0,400.0
considérèrent,1,11.0,10.0,1000.0
sortit,3,6.0,3.0,100.0
houka,2,5.0,3.0,150.0
adressa,2,7.0,5.0,250.0
encourageante,1,6.0,5.0,500.0
entamer,1,7.0,6.0,600.0
confuse,2,8.0,6.0,300.0
plusieurs,1,3.0,2.0,200.0
entendez,1,9.0,8.0,800.0
expliquez,3,10.0,7.0,233.33
crains,3,8.0,5.0,166.67
pouvoir,5,13.0,8.0,160.0
seul,3,7.0,4.0,133.33
embrouille,2,5.0,3.0,150.0
aperçue,1,6.0,5.0,500.0
deviendrez,1,4.0,3.0,300.0
chrysalide,1,9.0,8.0,800.0
arrivera,1,6.0,5.0,500.0
sachez,1,1.0,0.0,0.0
papillon,1,2.0,1.0,100.0
sentirez,1,4.0,3.0,300.0
sensations,1,12.0,11.0,1100.0
différentes,2,7.0,5.0,250.0
miennes,1,4.0,3.0,300.0
semblerait,1,4.0,3.0,300.0
mépris,3,8.0,5.0,166.67
ramena,1,8.0,7.0,700.0
commencement,5,11.0,6.0,120.0
irritée,1,3.0,2.0,200.0
bref,1,6.0,5.0,500.0
redressa,1,2.0,1.0,100.0
hauteur,2,7.0,5.0,250.0
embarrassante,2,7.0,5.0,250.0
tourna,4,4.0,0.0,0.0
important,11,18.0,7.0,63.64
invitation,3,6.0,3.0,100.0
engageante,1,2.0,1.0,100.0
emportez,1,5.0,4.0,400.0
cherchant,2,4.0,2.0,100.0
fumer,1,4.0,3.0,300.0
retirant,1,4.0,3.0,300.0
figurez,1,12.0,11.0,1100.0
hein,1,2.0,1.0,100.0
souvenir,3,12.0,9.0,300.0
pouvez,8,9.0,1.0,12.5
essayé,5,11.0,6.0,120.0
récitez,4,5.0,1.0,25.0
père,4,8.0,4.0,100.0
gris,1,8.0,7.0,700.0
permis,1,3.0,2.0,200.0
cervelle,1,5.0,4.0,400.0
craignais,1,3.0,2.0,200.0
cher,4,6.0,2.0,50.0
parcelle,1,11.0,10.0,1000.0
taille,8,10.0,2.0,25.0
muid,1,11.0,10.0,1000.0
cabriolez,1,8.0,7.0,700.0
jointure,1,7.0,6.0,600.0
frottais,1,8.0,7.0,700.0
onguent,1,6.0,5.0,500.0
payez,1,6.0,5.0,500.0
donne,4,8.0,4.0,100.0
os,3,12.0,9.0,300.0
bouillie,1,5.0,4.0,400.0
laissez,3,4.0,1.0,33.33
disputais,1,8.0,7.0,700.0
mère,1,5.0,4.0,400.0
puissant,1,9.0,8.0,800.0
maxillaire,1,4.0,3.0,300.0
tenez,2,6.0,4.0,200.0
debout,6,14.0,8.0,133.33
nez,8,11.0,3.0,37.5
anguille,1,6.0,5.0,500.0
redresse,1,8.0,7.0,700.0
sifflez,1,2.0,1.0,100.0
sotte,2,8.0,6.0,300.0
cessez,1,8.0,7.0,700.0
babiller,1,4.0,3.0,300.0
botte,1,4.0,3.0,300.0
timidement,9,12.0,3.0,33.33
mêmes,2,9.0,7.0,350.0
décidé,4,10.0,6.0,150.0
reprendre,3,9.0,6.0,200.0
voulez,12,17.0,5.0,41.67
tut,2,14.0,12.0,600.0
contredite,1,8.0,7.0,700.0
satisfaite,1,5.0,4.0,400.0
égal,2,12.0,10.0,500.0
habituée,1,8.0,7.0,700.0
piteux,1,6.0,5.0,500.0
réflexion,3,8.0,5.0,166.67
susceptibles,1,6.0,5.0,500.0
finirez,1,7.0,6.0,600.0
habituer,2,7.0,5.0,250.0
fuma,1,6.0,5.0,500.0
patiemment,2,4.0,2.0,100.0
décidât,2,9.0,7.0,350.0
bâilla,2,3.0,1.0,50.0
secoua,5,15.0,10.0,200.0
descendit,1,4.0,3.0,300.0
allant,1,4.0,3.0,300.0
contempla,3,9.0,6.0,200.0
pensif,2,6.0,4.0,200.0
allongeant,1,6.0,5.0,500.0
enleva,2,4.0,2.0,100.0
grignota,1,4.0,3.0,300.0
produirait,2,9.0,7.0,350.0
reçut,1,13.0,12.0,1200.0
violent,1,7.0,6.0,600.0
rapproché,1,9.0,8.0,800.0
réussit,1,3.0,2.0,200.0
parvint,2,11.0,9.0,450.0
avaler,1,6.0,5.0,500.0
libre,1,4.0,3.0,300.0
joyeux,1,3.0,2.0,200.0
changea,1,5.0,4.0,400.0
dresser,1,8.0,7.0,700.0
tige,1,9.0,8.0,800.0
océan,1,9.0,8.0,800.0
verdure,2,17.0,15.0,750.0
agitait,1,6.0,5.0,500.0
résulta,1,6.0,5.0,500.0
mouvement,3,8.0,5.0,166.67
parmi,3,8.0,5.0,166.67
vertes,1,2.0,1.0,100.0
tâcha,1,3.0,2.0,200.0
repliait,1,5.0,4.0,400.0
aisance,1,8.0,7.0,700.0
serpent,9,15.0,6.0,66.67
réussir,1,4.0,3.0,300.0
plier,2,5.0,3.0,150.0
gracieux,1,6.0,5.0,500.0
zigzag,1,5.0,4.0,400.0
plonger,5,9.0,4.0,80.0
lesquels,1,3.0,2.0,200.0
erré,1,6.0,5.0,500.0
sifflement,1,7.0,6.0,600.0
aigu,1,6.0,5.0,500.0
força,1,7.0,6.0,600.0
reculer,1,2.0,1.0,100.0
promptement,1,4.0,3.0,300.0
pigeon,12,18.0,6.0,50.0
voler,3,10.0,7.0,233.33
figure,10,14.0,4.0,40.0
donnait,2,10.0,8.0,400.0
coups,3,4.0,1.0,33.33
ailes,1,2.0,1.0,100.0
indignation,2,11.0,9.0,450.0
tranquille,2,5.0,3.0,150.0
répète,1,2.0,1.0,100.0
sanglot,2,3.0,1.0,50.0
façons,1,3.0,2.0,200.0
satisfaire,2,4.0,2.0,100.0
racines,1,5.0,4.0,400.0
talus,1,8.0,7.0,700.0
haies,1,3.0,2.0,200.0
serpents,3,12.0,9.0,300.0
intriguée,1,5.0,4.0,400.0
couver,1,10.0,9.0,900.0
œufs,6,18.0,12.0,200.0
guette,1,5.0,4.0,400.0
fermé,1,1.0,0.0,0.0
semaines,1,5.0,4.0,400.0
tourmenté,1,6.0,5.0,500.0
comprendre,2,9.0,7.0,350.0
venais,1,2.0,1.0,100.0
choisir,1,4.0,3.0,300.0
forêt,1,6.0,5.0,500.0
élevant,2,5.0,3.0,150.0
figurais,1,5.0,4.0,400.0
débarrassé,2,10.0,8.0,400.0
tombent,1,2.0,1.0,100.0
ciel,1,9.0,8.0,800.0
replis,1,10.0,9.0,900.0
tortueux,1,6.0,5.0,500.0
cherchez,2,9.0,7.0,350.0
inventer,2,7.0,5.0,250.0
hésitation,1,5.0,4.0,400.0
changements,2,10.0,8.0,400.0
éprouvés,1,5.0,4.0,400.0
vraisemblable,1,5.0,4.0,400.0
inutile,5,8.0,3.0,60.0
nier,1,3.0,2.0,200.0
mentir,1,6.0,5.0,500.0
muette,1,5.0,4.0,400.0
ajouter,1,3.0,2.0,200.0
cherche,1,7.0,6.0,600.0
justement,4,9.0,5.0,125.0
chercherais,1,4.0,3.0,300.0
vôtres,1,5.0,4.0,400.0
crus,1,4.0,3.0,300.0
remettant,1,9.0,8.0,800.0
baissant,2,6.0,4.0,200.0
entortillait,1,5.0,4.0,400.0
arrêter,1,3.0,2.0,200.0
désentortiller,1,6.0,5.0,500.0
morceaux,1,7.0,6.0,600.0
grignotant,1,6.0,5.0,500.0
grandissant,1,3.0,2.0,200.0
rapetissant,1,5.0,4.0,400.0
ramener,1,9.0,8.0,800.0
naturelle,3,9.0,6.0,200.0
raisonnable,2,7.0,5.0,250.0
finit,1,5.0,4.0,400.0
projet,1,11.0,10.0,1000.0
exécuté,1,4.0,3.0,300.0
embarrassants,1,4.0,3.0,300.0
minute,3,8.0,5.0,166.67
toutefois,5,12.0,7.0,140.0
redevenue,1,5.0,4.0,400.0
magnifique,1,5.0,4.0,400.0
clairière,1,8.0,7.0,700.0
demeurent,2,7.0,5.0,250.0
présenter,2,3.0,1.0,50.0
deviendraient,2,5.0,3.0,150.0
fous,6,8.0,2.0,33.33
frayeur,1,3.0,2.0,200.0
grignoter,2,9.0,7.0,350.0
aventura,1,4.0,3.0,300.0
réduit,1,2.0,1.0,100.0
vi,1,4.0,3.0,300.0
porc,9,13.0,4.0,44.44
poivre,6,10.0,4.0,66.67
demandait,2,6.0,4.0,200.0
laquais,16,23.0,7.0,43.75
livrée,3,14.0,11.0,366.67
juger,1,6.0,5.0,500.0
poisson,3,11.0,8.0,266.67
frappa,2,6.0,4.0,200.0
ouverte,2,5.0,3.0,150.0
ronde,3,18.0,15.0,500.0
poudrés,1,7.0,6.0,600.0
piquée,1,7.0,6.0,600.0
voulant,1,7.0,6.0,600.0
signifiait,1,1.0,0.0,0.0
afin,4,10.0,6.0,150.0
lettre,4,7.0,3.0,75.0
solennel,2,5.0,3.0,150.0
reine,76,85.0,9.0,11.84
répéta,9,11.0,2.0,22.22
changeant,1,12.0,11.0,1100.0
ordre,3,17.0,14.0,466.67
firent,7,9.0,2.0,28.57
salut,2,8.0,6.0,300.0
boucles,1,5.0,4.0,400.0
chevelures,1,6.0,5.0,500.0
entremêlèrent,1,5.0,4.0,400.0
rentrer,2,7.0,5.0,250.0
entendue,2,4.0,2.0,100.0
avança,3,6.0,3.0,100.0
route,2,3.0,1.0,50.0
niaisement,1,8.0,7.0,700.0
approcha,1,9.0,8.0,800.0
sert,1,6.0,5.0,500.0
raisons,1,1.0,0.0,0.0
premièrement,1,4.0,3.0,300.0
deuxièmement,1,5.0,4.0,400.0
tel,1,4.0,3.0,300.0
intérieur,3,7.0,4.0,133.33
hurlements,1,3.0,2.0,200.0
éternuements,2,7.0,5.0,250.0
continuels,2,11.0,9.0,450.0
brisait,1,8.0,7.0,700.0
vaisselle,2,8.0,6.0,300.0
entrer,5,8.0,3.0,60.0
impoli,1,7.0,6.0,600.0
demain,1,4.0,3.0,300.0
assiette,2,5.0,3.0,150.0
vola,1,8.0,7.0,700.0
effleura,1,6.0,5.0,500.0
briser,2,6.0,4.0,200.0
suivant,3,9.0,6.0,200.0
redemanda,1,11.0,10.0,1000.0
mauvais,1,5.0,4.0,400.0
dît,1,8.0,7.0,700.0
discutent,1,4.0,3.0,300.0
fou,8,11.0,3.0,37.5
observation,7,9.0,2.0,28.57
variantes,1,7.0,6.0,600.0
fasse,2,6.0,4.0,200.0
voudrez,3,12.0,9.0,300.0
désespérée,1,8.0,7.0,700.0
parfait,1,3.0,2.0,200.0
idiot,2,6.0,4.0,200.0
cuisine,4,6.0,2.0,50.0
fumée,1,7.0,6.0,600.0
tabouret,1,10.0,9.0,900.0
dorlotait,1,3.0,2.0,200.0
bébé,14,19.0,5.0,35.71
cuisinière,13,13.0,0.0,0.0
penchée,1,7.0,6.0,600.0
brassait,1,12.0,11.0,1100.0
chaudron,2,11.0,9.0,450.0
rempli,1,5.0,4.0,400.0
soupe,7,12.0,5.0,71.43
empêchée,1,5.0,4.0,400.0
éternuait,3,18.0,15.0,500.0
hurlait,3,11.0,8.0,266.67
alternativement,1,3.0,2.0,200.0
interruption,1,8.0,7.0,700.0
seules,1,10.0,9.0,900.0
éternuassent,1,2.0,1.0,100.0
âtre,1,4.0,3.0,300.0
grimaçante,1,5.0,4.0,400.0
fendue,1,6.0,5.0,500.0
oreille,6,13.0,7.0,116.67
convenable,1,4.0,3.0,300.0
parlât,1,3.0,2.0,200.0
grimace,7,9.0,2.0,28.57
grimaçon,4,9.0,5.0,125.0
prononça,1,3.0,2.0,200.0
dernier,4,12.0,8.0,200.0
subitement,2,5.0,3.0,150.0
frémit,1,9.0,8.0,800.0
adressait,3,13.0,10.0,333.33
courage,3,6.0,3.0,100.0
ignorais,3,5.0,2.0,66.67
grimacer,1,2.0,1.0,100.0
peuvent,2,4.0,2.0,100.0
connais,1,5.0,4.0,400.0
contente,5,20.0,15.0,300.0
faite,3,9.0,6.0,200.0
plut,1,3.0,2.0,200.0
jeter,1,2.0,1.0,100.0
tomba,2,5.0,3.0,150.0
pelle,1,6.0,5.0,500.0
pincettes,1,2.0,1.0,100.0
pluie,1,3.0,2.0,200.0
casseroles,1,6.0,5.0,500.0
assiettes,2,7.0,5.0,250.0
plats,3,8.0,5.0,166.67
atteinte,1,9.0,8.0,800.0
auparavant,4,5.0,1.0,25.0
prenez,4,10.0,6.0,150.0
sautant,1,5.0,4.0,400.0
proie,1,3.0,2.0,200.0
terreur,1,2.0,1.0,100.0
casserole,1,6.0,5.0,500.0
failli,1,4.0,3.0,300.0
occupait,1,8.0,7.0,700.0
affaires,2,9.0,7.0,350.0
grognement,1,10.0,9.0,900.0
irait,1,8.0,7.0,700.0
avantageux,1,12.0,11.0,1100.0
enchantée,4,8.0,4.0,100.0
présentât,1,3.0,2.0,200.0
heures,7,13.0,6.0,85.71
révolution,1,5.0,4.0,400.0
révolutions,1,6.0,5.0,500.0
coupe,10,20.0,10.0,100.0
regard,4,5.0,1.0,25.0
occupée,1,4.0,3.0,300.0
brasser,1,2.0,1.0,100.0
paix,1,5.0,4.0,400.0
souffrir,2,9.0,7.0,350.0
chiffres,1,3.0,2.0,200.0
recommença,1,10.0,9.0,900.0
dorloter,2,10.0,8.0,400.0
chantant,2,7.0,5.0,250.0
chanson,6,9.0,3.0,50.0
endormir,1,5.0,4.0,400.0
forte,3,8.0,5.0,166.67
secousse,2,8.0,6.0,300.0
grondez,1,6.0,5.0,500.0
battez,1,9.0,8.0,800.0
éternue,2,9.0,7.0,350.0
taquiner,1,5.0,4.0,400.0
méchant,1,6.0,5.0,500.0
évertue,1,12.0,11.0,1100.0
refrain,3,11.0,8.0,266.67
reprirent,2,2.0,0.0,0.0
brou,6,17.0,11.0,183.33
bis,3,8.0,5.0,166.67
couplet,2,8.0,6.0,300.0
sauter,1,5.0,4.0,400.0
secouait,1,3.0,2.0,200.0
violemment,1,7.0,6.0,600.0
gronder,1,6.0,5.0,500.0
poivrer,1,4.0,3.0,300.0
veux,6,14.0,8.0,133.33
habitue,1,6.0,5.0,500.0
aille,1,11.0,10.0,1000.0
poêle,1,14.0,13.0,1300.0
manqua,1,6.0,5.0,500.0
étendus,2,9.0,7.0,350.0
directions,2,8.0,6.0,300.0
étoile,1,1.0,0.0,0.0
créature,4,8.0,4.0,100.0
ronflait,1,6.0,5.0,500.0
machine,1,6.0,5.0,500.0
vapeur,1,6.0,5.0,500.0
attrapa,1,4.0,3.0,300.0
cessait,2,4.0,2.0,100.0
étendre,1,3.0,2.0,200.0
bercer,1,4.0,3.0,300.0
nœud,1,6.0,5.0,500.0
fermement,1,3.0,2.0,200.0
dénouer,1,3.0,2.0,200.0
emporte,1,5.0,4.0,400.0
tueront,1,8.0,7.0,700.0
meurtre,1,9.0,8.0,800.0
abandonner,1,8.0,7.0,700.0
derniers,2,8.0,6.0,300.0
haute,1,6.0,5.0,500.0
grognant,1,4.0,3.0,300.0
cessé,3,7.0,4.0,133.33
éternuer,2,13.0,11.0,550.0
grogne,3,12.0,9.0,300.0
grogna,3,9.0,6.0,200.0
contredit,1,8.0,7.0,700.0
retroussé,1,4.0,3.0,300.0
plutôt,2,12.0,10.0,500.0
groin,1,2.0,1.0,100.0
devenaient,2,4.0,2.0,100.0
aspect,1,7.0,6.0,600.0
sanglotait,1,2.0,1.0,100.0
vas,1,5.0,4.0,400.0
sanglota,1,6.0,5.0,500.0
continuèrent,1,2.0,1.0,100.0
portée,1,6.0,5.0,500.0
tromper,1,3.0,2.0,200.0
déposa,1,8.0,7.0,700.0
soulagée,2,7.0,5.0,250.0
trotter,1,3.0,2.0,200.0
grandi,2,6.0,4.0,200.0
devenu,3,11.0,8.0,266.67
feraient,1,3.0,2.0,200.0
porcs,1,5.0,4.0,400.0
métamorphoser,1,8.0,7.0,700.0
réflexions,1,7.0,6.0,600.0
branche,2,5.0,3.0,150.0
grimaça,1,6.0,5.0,500.0
apercevant,1,7.0,6.0,600.0
longues,2,9.0,7.0,350.0
griffes,1,7.0,6.0,600.0
traiter,1,4.0,3.0,300.0
respect,1,5.0,4.0,400.0
sachant,1,7.0,6.0,600.0
familiarité,1,4.0,3.0,300.0
allonger,2,7.0,5.0,250.0
content,4,7.0,3.0,75.0
diriger,1,6.0,5.0,500.0
dépend,1,4.0,3.0,300.0
endroit,3,9.0,6.0,200.0
indifférent,1,4.0,3.0,300.0
irez,1,3.0,2.0,200.0
explication,4,4.0,0.0,0.0
manquer,1,10.0,9.0,900.0
marchiez,1,7.0,6.0,600.0
incontestable,1,3.0,2.0,200.0
décrivant,1,5.0,4.0,400.0
demeure,2,5.0,3.0,150.0
chapelier,55,60.0,5.0,9.09
lièvre,30,30.0,0.0,0.0
fréquenter,1,6.0,5.0,500.0
observer,6,17.0,11.0,183.33
défendre,1,12.0,11.0,1100.0
devez,2,9.0,7.0,350.0
venue,2,10.0,8.0,400.0
prouvait,1,11.0,10.0,1000.0
convenez,1,4.0,3.0,300.0
suppose,5,17.0,12.0,240.0
fâche,2,14.0,12.0,600.0
remue,2,9.0,7.0,350.0
appelle,2,5.0,3.0,150.0
grogner,1,4.0,3.0,300.0
appelez,4,6.0,2.0,50.0
jouez,1,13.0,12.0,1200.0
invitée,2,6.0,4.0,200.0
événements,1,2.0,1.0,100.0
propos,1,6.0,5.0,500.0
oublier,3,7.0,4.0,133.33
revenu,1,12.0,11.0,1100.0
doutais,1,7.0,6.0,600.0
revoir,1,14.0,13.0,1300.0
demeurait,1,9.0,8.0,800.0
chapeliers,1,5.0,4.0,400.0
amusez,1,9.0,8.0,800.0
paraître,2,4.0,2.0,100.0
évanouit,1,4.0,3.0,300.0
commencer,3,7.0,4.0,133.33
finissant,1,5.0,4.0,400.0
demeura,3,9.0,6.0,200.0
cheminées,1,6.0,5.0,500.0
couvert,1,9.0,8.0,800.0
fourrure,1,3.0,2.0,200.0
osa,2,5.0,3.0,150.0
approcher,1,4.0,3.0,300.0
grignoté,1,9.0,8.0,800.0
atteint,2,5.0,3.0,150.0
visite,1,4.0,3.0,300.0
vii,1,8.0,7.0,700.0
servie,1,5.0,4.0,400.0
prenait,1,3.0,2.0,200.0
loir,34,39.0,5.0,14.71
profondément,4,10.0,6.0,150.0
endormi,3,9.0,6.0,200.0
servaient,2,16.0,14.0,700.0
coussin,2,6.0,4.0,200.0
gênant,1,8.0,7.0,700.0
serrés,1,6.0,5.0,500.0
coins,2,8.0,6.0,300.0
crièrent,3,10.0,7.0,233.33
abondance,1,3.0,2.0,200.0
indignée,3,10.0,7.0,233.33
fauteuil,1,2.0,1.0,100.0
bouts,1,3.0,2.0,200.0
vin,2,6.0,4.0,200.0
engageant,1,8.0,7.0,700.0
poli,2,8.0,6.0,300.0
fâché,2,4.0,2.0,100.0
couverts,2,3.0,1.0,50.0
convives,1,1.0,0.0,0.0
coupés,1,7.0,6.0,600.0
considéré,2,8.0,6.0,300.0
remarques,1,2.0,1.0,100.0
grossier,1,7.0,6.0,600.0
pupitre,1,7.0,6.0,600.0
mettent,1,8.0,7.0,700.0
énigmes,2,2.0,0.0,0.0
précisément,1,3.0,2.0,200.0
respire,2,4.0,2.0,100.0
dors,2,5.0,3.0,150.0
repassa,1,3.0,2.0,200.0
pies,1,14.0,13.0,1300.0
pupitres,1,8.0,7.0,700.0
rompit,1,7.0,6.0,600.0
quantième,2,6.0,4.0,200.0
mois,3,5.0,2.0,66.67
tiré,1,6.0,5.0,500.0
approchant,2,8.0,6.0,300.0
réfléchit,3,13.0,10.0,333.33
retard,2,9.0,7.0,350.0
soupir,5,7.0,2.0,40.0
disais,1,7.0,6.0,600.0
vaudrait,2,5.0,3.0,150.0
entré,1,5.0,4.0,400.0
miettes,1,3.0,2.0,200.0
pain,5,23.0,18.0,360.0
servir,2,6.0,4.0,200.0
couteau,1,2.0,1.0,100.0
trempa,1,2.0,1.0,100.0
tasse,5,6.0,1.0,20.0
regardé,3,6.0,3.0,100.0
épaule,4,9.0,5.0,125.0
singulière,2,11.0,9.0,450.0
marque,5,11.0,6.0,120.0
marquerait,1,3.0,2.0,200.0
année,2,8.0,6.0,300.0
hésiter,1,7.0,6.0,600.0
mienne,1,6.0,5.0,500.0
embarrassée,2,7.0,5.0,250.0
phrase,1,7.0,6.0,600.0
correcte,1,11.0,10.0,1000.0
rendormi,1,3.0,2.0,200.0
versa,1,11.0,10.0,1000.0
deviné,1,5.0,4.0,400.0
renonce,1,8.0,7.0,700.0
employer,1,6.0,5.0,500.0
gaspiller,2,5.0,3.0,150.0
connaissiez,1,13.0,12.0,1200.0
parleriez,1,13.0,12.0,1200.0
gaspille,1,7.0,6.0,600.0
parie,2,13.0,11.0,550.0
prudemment,1,14.0,13.0,1300.0
employé,1,6.0,5.0,500.0
ménager,1,10.0,9.0,900.0
pendule,1,17.0,16.0,1600.0
voudriez,4,17.0,13.0,325.0
supposons,1,11.0,10.0,1000.0
aiguille,2,7.0,5.0,250.0
partirait,1,4.0,3.0,300.0
clin,2,9.0,7.0,350.0
marquer,2,6.0,4.0,200.0
demie,2,8.0,6.0,300.0
dîner,1,9.0,8.0,800.0
querellés,1,5.0,4.0,400.0
mars,2,5.0,3.0,150.0
devînt,1,2.0,1.0,100.0
montrait,1,2.0,1.0,100.0
cuiller,1,3.0,2.0,200.0
concert,2,13.0,11.0,550.0
chanter,4,12.0,8.0,200.0
dirai,1,3.0,2.0,200.0
douleur,1,12.0,11.0,1100.0
connaissez,1,5.0,4.0,400.0
entendu,9,11.0,2.0,22.22
mangées,6,9.0,3.0,50.0
dormant,2,10.0,8.0,400.0
fallût,1,4.0,3.0,300.0
pincer,1,6.0,5.0,500.0
taire,3,13.0,10.0,333.33
hurla,4,6.0,2.0,50.0
tuez,1,11.0,10.0,1000.0
cruauté,1,6.0,5.0,500.0
lors,1,2.0,1.0,100.0
tristesse,1,8.0,7.0,700.0
tasses,4,6.0,2.0,50.0
laver,1,12.0,11.0,1100.0
intervalle,1,18.0,17.0,1700.0
mesure,5,12.0,7.0,140.0
servi,1,12.0,11.0,1100.0
retrouvez,1,5.0,4.0,400.0
changions,1,7.0,6.0,600.0
interrompit,5,13.0,8.0,160.0
bâillant,1,4.0,3.0,300.0
commence,4,7.0,3.0,75.0
fatiguer,1,5.0,4.0,400.0
demoiselle,3,13.0,10.0,333.33
conte,1,3.0,2.0,200.0
proposition,1,2.0,1.0,100.0
alarmait,1,2.0,1.0,100.0
réveillez,2,4.0,2.0,100.0
pincèrent,1,4.0,3.0,300.0
lentement,4,8.0,4.0,100.0
dormais,1,6.0,5.0,500.0
enrouée,1,5.0,4.0,400.0
racontez,1,6.0,5.0,500.0
suppliant,1,7.0,6.0,600.0
rendormir,1,6.0,5.0,500.0
sœurs,2,8.0,6.0,300.0
appelaient,1,3.0,2.0,200.0
elsie,1,5.0,4.0,400.0
lacie,1,5.0,4.0,400.0
tillie,1,13.0,12.0,1200.0
vivaient,5,8.0,3.0,60.0
intéressait,1,5.0,4.0,400.0
mélasse,6,7.0,1.0,16.67
réfléchi,1,4.0,3.0,300.0
rendues,1,5.0,4.0,400.0
malades,2,7.0,5.0,250.0
figurer,2,6.0,4.0,200.0
embarrassant,1,5.0,4.0,400.0
offensé,2,7.0,5.0,250.0
demandé,1,7.0,6.0,600.0
avis,2,9.0,7.0,350.0
permet,1,4.0,3.0,300.0
observations,1,4.0,3.0,300.0
triomphant,1,6.0,5.0,500.0
servit,1,6.0,5.0,500.0
tartine,4,7.0,3.0,75.0
existe,2,5.0,3.0,150.0
courroucé,1,6.0,5.0,500.0
chut,5,8.0,3.0,60.0
bourru,2,7.0,5.0,250.0
tâchez,2,10.0,8.0,400.0
polie,1,5.0,4.0,400.0
continuez,4,4.0,0.0,0.0
interromprai,1,5.0,4.0,400.0
saurez,1,7.0,6.0,600.0
pouvaient,1,11.0,10.0,1000.0
promesse,1,1.0,0.0,0.0
propre,2,8.0,6.0,300.0
avançons,1,10.0,9.0,900.0
suivit,2,5.0,3.0,150.0
grâce,1,4.0,3.0,300.0
gagnât,1,5.0,4.0,400.0
change,1,5.0,4.0,400.0
partagée,1,4.0,3.0,300.0
renverser,1,1.0,0.0,0.0
circonspection,1,6.0,5.0,500.0
tire,3,7.0,4.0,133.33
grossièreté,1,2.0,1.0,100.0
endormit,1,5.0,4.0,400.0
prirent,1,2.0,1.0,100.0
départ,1,4.0,3.0,300.0
regardât,1,6.0,5.0,500.0
arrière,4,7.0,3.0,75.0
rappelleraient,1,3.0,2.0,200.0
cherchaient,1,4.0,3.0,300.0
théière,1,2.0,1.0,100.0
retourner,4,6.0,2.0,50.0
auquel,1,5.0,4.0,400.0
assisté,1,4.0,3.0,300.0
laquelle,3,4.0,1.0,33.33
retrouva,2,11.0,9.0,450.0
prendrai,1,7.0,6.0,600.0
menait,1,6.0,5.0,500.0
réduite,1,3.0,2.0,200.0
brillants,2,6.0,4.0,200.0
parterres,1,6.0,5.0,500.0
viii,1,6.0,5.0,500.0
rosier,4,9.0,5.0,125.0
portait,2,5.0,3.0,150.0
blanches,2,9.0,7.0,350.0
jardiniers,7,9.0,2.0,28.57
peindre,1,4.0,3.0,300.0
rouge,1,7.0,6.0,600.0
approchait,1,5.0,4.0,400.0
éclabousse,1,3.0,2.0,200.0
peinture,1,1.0,0.0,0.0
jetez,2,3.0,1.0,50.0
blâme,1,4.0,3.0,300.0
méritiez,1,3.0,2.0,200.0
décapité,2,9.0,7.0,350.0
apporté,1,9.0,8.0,800.0
oignons,2,8.0,6.0,300.0
tulipe,1,12.0,11.0,1100.0
lieu,3,9.0,6.0,200.0
pinceau,1,2.0,1.0,100.0
écriait,1,12.0,11.0,1100.0
injustices,1,6.0,5.0,500.0
tombèrent,1,2.0,1.0,100.0
hasard,1,9.0,8.0,800.0
restait,2,4.0,2.0,100.0
retint,2,6.0,4.0,200.0
retournèrent,1,7.0,6.0,600.0
bonté,1,4.0,3.0,300.0
peignez,1,3.0,2.0,200.0
regardèrent,3,13.0,10.0,333.33
rouges,3,5.0,2.0,66.67
erreur,1,2.0,1.0,100.0
apercevait,1,9.0,8.0,800.0
tranchée,2,6.0,4.0,200.0
faisons,1,3.0,2.0,200.0
vienne,1,3.0,2.0,200.0
ouvriers,1,5.0,4.0,400.0
désireuse,1,7.0,6.0,600.0
soldats,10,19.0,9.0,90.0
piques,1,7.0,6.0,600.0
courtisans,2,6.0,4.0,200.0
parés,1,7.0,6.0,600.0
carreaux,1,3.0,2.0,200.0
diamant,1,7.0,6.0,600.0
marchaient,1,8.0,7.0,700.0
chérubins,1,6.0,5.0,500.0
gambadaient,1,7.0,6.0,600.0
joyeusement,1,6.0,5.0,500.0
ornés,1,12.0,11.0,1100.0
cœurs,1,10.0,9.0,900.0
invités,3,5.0,2.0,66.67
rois,1,4.0,3.0,300.0
reines,1,7.0,6.0,600.0
reconnut,1,7.0,6.0,600.0
ému,1,5.0,4.0,400.0
agité,2,3.0,1.0,50.0
souriait,1,8.0,7.0,700.0
suivait,1,8.0,7.0,700.0
valet,9,14.0,5.0,55.56
velours,1,7.0,6.0,600.0
fermant,1,6.0,5.0,500.0
procession,4,12.0,8.0,200.0
roi,62,75.0,13.0,20.97
prosterner,3,14.0,11.0,366.67
formalité,1,2.0,1.0,100.0
ailleurs,2,3.0,1.0,50.0
serviraient,1,3.0,2.0,200.0
processions,1,2.0,1.0,100.0
sévèrement,1,6.0,5.0,500.0
saluer,2,17.0,15.0,750.0
rejetant,1,3.0,2.0,200.0
nomme,1,5.0,4.0,400.0
majesté,12,17.0,5.0,41.67
paquet,5,18.0,13.0,260.0
dessin,1,4.0,3.0,300.0
sache,1,3.0,2.0,200.0
surprit,1,7.0,6.0,600.0
devint,3,20.0,17.0,566.67
pourpre,2,15.0,13.0,650.0
considérée,2,6.0,4.0,200.0
flamboyants,1,5.0,4.0,400.0
bête,1,5.0,4.0,400.0
fauve,1,5.0,4.0,400.0
posa,2,5.0,3.0,150.0
considérez,1,2.0,1.0,100.0
amie,3,4.0,1.0,33.33
retournez,1,5.0,4.0,400.0
soigneusement,1,9.0,8.0,800.0
stridente,1,5.0,4.0,400.0
relevèrent,1,5.0,4.0,400.0
mirent,5,9.0,4.0,80.0
jeunes,1,1.0,0.0,0.0
princes,1,5.0,4.0,400.0
étourdissez,1,10.0,9.0,900.0
mettant,2,10.0,8.0,400.0
genou,2,5.0,3.0,150.0
tâchions,1,2.0,1.0,100.0
restant,2,8.0,6.0,300.0
malheureux,5,10.0,5.0,100.0
coururent,1,4.0,3.0,300.0
protection,1,11.0,10.0,1000.0
décapités,1,8.0,7.0,700.0
errèrent,1,6.0,5.0,500.0
allèrent,1,7.0,6.0,600.0
rejoindre,1,11.0,10.0,1000.0
coupé,1,5.0,4.0,400.0
soufflèrent,1,8.0,7.0,700.0
évidemment,1,9.0,8.0,800.0
joignit,1,5.0,4.0,400.0
marchait,1,5.0,4.0,400.0
colla,1,6.0,5.0,500.0
souffla,1,5.0,4.0,400.0
condamnée,1,5.0,4.0,400.0
soufflets,1,11.0,10.0,1000.0
éclat,1,6.0,5.0,500.0
effrayé,1,5.0,4.0,400.0
places,2,5.0,3.0,150.0
tonnerre,1,6.0,5.0,500.0
trébuchant,1,4.0,3.0,300.0
jeu,10,16.0,6.0,60.0
billons,1,7.0,6.0,600.0
sillons,1,5.0,4.0,400.0
hérissons,3,8.0,5.0,166.67
vivants,3,10.0,7.0,233.33
boules,1,9.0,8.0,800.0
flamants,2,6.0,4.0,200.0
maillets,1,4.0,3.0,300.0
courbés,2,3.0,1.0,50.0
sol,1,7.0,6.0,600.0
former,1,6.0,5.0,500.0
arches,4,9.0,5.0,125.0
embarrassa,2,4.0,2.0,100.0
manier,1,11.0,10.0,1000.0
flamant,7,14.0,7.0,100.0
parvenait,1,5.0,4.0,400.0
fourrer,1,4.0,3.0,300.0
commodément,1,6.0,5.0,500.0
laissant,2,11.0,9.0,450.0
allongé,1,13.0,12.0,1200.0
hérisson,6,10.0,4.0,66.67
relevait,1,6.0,5.0,500.0
tordant,1,4.0,3.0,300.0
ébahi,1,8.0,7.0,700.0
éclater,1,7.0,6.0,600.0
impatientant,1,6.0,5.0,500.0
déroulé,1,9.0,8.0,800.0
outre,1,7.0,6.0,600.0
ordinairement,2,3.0,1.0,50.0
billon,1,5.0,4.0,400.0
sillon,1,10.0,9.0,900.0
partout,3,6.0,3.0,100.0
relevaient,1,4.0,3.0,300.0
cesse,2,7.0,5.0,250.0
joueurs,4,7.0,3.0,75.0
jouaient,1,6.0,5.0,500.0
querellant,1,5.0,4.0,400.0
battant,1,4.0,3.0,300.0
furieuse,1,6.0,5.0,500.0
trépigner,1,2.0,1.0,100.0
sentir,2,5.0,3.0,150.0
disputée,1,11.0,10.0,1000.0
deviendrai,1,4.0,3.0,300.0
aiment,1,4.0,3.0,300.0
terriblement,1,6.0,5.0,500.0
couper,2,6.0,4.0,200.0
étonne,2,7.0,5.0,250.0
apparition,1,4.0,3.0,300.0
intrigua,1,3.0,2.0,200.0
parussent,1,15.0,14.0,1400.0
signe,2,9.0,7.0,350.0
amical,1,11.0,10.0,1000.0
montra,1,3.0,2.0,200.0
entière,1,4.0,3.0,300.0
écoutât,1,4.0,3.0,300.0
apparemment,1,10.0,9.0,900.0
jouent,1,6.0,5.0,500.0
franc,1,3.0,2.0,200.0
mécontentement,1,5.0,4.0,400.0
querellent,1,10.0,9.0,900.0
règle,4,16.0,12.0,300.0
précise,1,2.0,1.0,100.0
suit,2,5.0,3.0,150.0
instruments,1,5.0,4.0,400.0
arche,1,4.0,3.0,300.0
promène,1,5.0,4.0,400.0
sauvé,1,4.0,3.0,300.0
venir,3,5.0,2.0,66.67
mien,1,1.0,0.0,0.0
écoutait,2,17.0,15.0,750.0
sourit,1,11.0,10.0,1000.0
causez,1,4.0,3.0,300.0
extrême,1,8.0,7.0,700.0
amis,2,8.0,6.0,300.0
permettez,1,5.0,4.0,400.0
baiser,1,3.0,2.0,200.0
impertinent,1,8.0,7.0,700.0
regardez,3,6.0,3.0,100.0
rappelle,1,10.0,9.0,900.0
enlever,4,9.0,5.0,125.0
désirerais,1,6.0,5.0,500.0
fissiez,1,8.0,7.0,700.0
trancher,3,9.0,6.0,200.0
difficultés,1,5.0,4.0,400.0
bourreau,7,8.0,1.0,14.29
précipitamment,2,3.0,1.0,50.0
coupée,1,3.0,2.0,200.0
laissé,1,8.0,7.0,700.0
tournure,1,5.0,4.0,400.0
prenaient,2,10.0,8.0,400.0
embrouillé,1,2.0,1.0,100.0
recherche,1,7.0,6.0,600.0
excellente,1,8.0,7.0,700.0
vains,1,3.0,2.0,200.0
efforts,1,2.0,1.0,100.0
percher,1,7.0,6.0,600.0
rattrapé,1,5.0,4.0,400.0
ramené,1,6.0,5.0,500.0
bataille,1,7.0,6.0,600.0
terminée,1,14.0,13.0,1300.0
quitté,1,5.0,4.0,400.0
pelouse,2,2.0,0.0,0.0
échappât,1,9.0,8.0,800.0
ami,1,3.0,2.0,200.0
rassemblée,1,6.0,5.0,500.0
parlaient,2,8.0,6.0,300.0
soufflaient,1,5.0,4.0,400.0
appelèrent,1,5.0,4.0,400.0
répétèrent,1,6.0,5.0,500.0
raisonnements,1,3.0,2.0,200.0
raisonnement,3,6.0,3.0,100.0
décidait,1,9.0,8.0,800.0
compagnie,3,10.0,7.0,233.33
consulter,1,5.0,4.0,400.0
prison,1,11.0,10.0,1000.0
amène,1,5.0,4.0,400.0
trait,1,6.0,5.0,500.0
évanouir,1,1.0,0.0,0.0
accompagné,1,8.0,7.0,700.0
retournait,1,5.0,4.0,400.0
ix,1,7.0,6.0,600.0
fausse,53,55.0,2.0,3.77
tortue,56,65.0,9.0,16.07
sauriez,1,6.0,5.0,500.0
heureuse,1,7.0,6.0,600.0
amicalement,1,9.0,8.0,800.0
éloignèrent,1,6.0,5.0,500.0
ensemble,2,7.0,5.0,250.0
rendue,1,15.0,14.0,1400.0
méchante,1,6.0,5.0,500.0
exprimait,1,6.0,5.0,500.0
espérance,1,15.0,14.0,1400.0
grain,1,8.0,7.0,700.0
échauffe,1,5.0,4.0,400.0
bile,1,4.0,3.0,300.0
découverte,1,12.0,11.0,1100.0
vinaigre,1,2.0,1.0,100.0
aigrit,1,4.0,3.0,300.0
camomille,1,2.0,1.0,100.0
rend,1,5.0,4.0,400.0
amères,1,4.0,3.0,300.0
sucre,1,4.0,3.0,300.0
orge,1,5.0,4.0,400.0
genre,1,15.0,14.0,1400.0
adoucissent,1,6.0,5.0,500.0
caractère,1,7.0,6.0,600.0
chiche,1,5.0,4.0,400.0
sucreries,1,6.0,5.0,500.0
entendant,1,5.0,4.0,400.0
morale,8,13.0,5.0,62.5
serra,1,7.0,6.0,600.0
laide,1,3.0,2.0,200.0
appuyer,1,5.0,4.0,400.0
désagréablement,1,6.0,5.0,500.0
pointu,3,9.0,6.0,200.0
impolie,1,15.0,14.0,1400.0
supporta,1,2.0,1.0,100.0
soutenir,1,8.0,7.0,700.0
amour,2,5.0,3.0,150.0
occupe,1,4.0,3.0,300.0
signifie,2,3.0,1.0,50.0
enfonça,1,7.0,6.0,600.0
ajoutant,1,2.0,1.0,100.0
morales,1,8.0,7.0,700.0
demandez,1,5.0,4.0,400.0
passe,1,3.0,2.0,200.0
fie,1,10.0,9.0,900.0
essaie,1,4.0,3.0,300.0
mordre,2,4.0,2.0,100.0
essai,1,9.0,8.0,800.0
proposé,1,4.0,3.0,300.0
moutarde,3,9.0,6.0,200.0
mordent,1,10.0,9.0,900.0
assemble,1,7.0,6.0,600.0
oiseau,1,16.0,15.0,1500.0
clarté,1,6.0,5.0,500.0
présentez,1,8.0,7.0,700.0
minéral,1,5.0,4.0,400.0
approuver,1,2.0,1.0,100.0
végétal,1,7.0,6.0,600.0
dise,1,4.0,3.0,300.0
imaginez,2,2.0,0.0,0.0
autrement,4,8.0,4.0,100.0
sembler,1,3.0,2.0,200.0
comprendrais,1,15.0,14.0,1400.0
voulais,2,8.0,6.0,300.0
satisfait,1,3.0,2.0,200.0
donnez,1,3.0,2.0,200.0
cadeau,3,4.0,1.0,33.33
anniversaire,1,3.0,2.0,200.0
sèchement,1,3.0,2.0,200.0
ennuyée,1,2.0,1.0,100.0
mo,1,5.0,4.0,400.0
éteignit,1,2.0,1.0,100.0
favori,1,8.0,7.0,700.0
orage,1,11.0,10.0,1000.0
préviens,1,1.0,0.0,0.0
trépignant,1,5.0,4.0,400.0
choisissez,1,13.0,12.0,1200.0
choix,1,5.0,4.0,400.0
continuons,1,2.0,1.0,100.0
effrayée,2,6.0,4.0,200.0
souffler,1,4.0,3.0,300.0
reposaient,1,7.0,6.0,600.0
ombre,1,8.0,7.0,700.0
virent,1,3.0,2.0,200.0
hâtèrent,1,9.0,8.0,800.0
coûterait,1,7.0,6.0,600.0
dura,1,6.0,5.0,500.0
quereller,1,6.0,5.0,500.0
condamnait,1,5.0,4.0,400.0
arrêtés,2,6.0,4.0,200.0
exception,2,15.0,13.0,650.0
condamnés,1,4.0,3.0,300.0
entends,1,5.0,4.0,400.0
contera,1,5.0,4.0,400.0
allaient,3,7.0,4.0,133.33
graciés,1,6.0,5.0,500.0
heureux,2,6.0,4.0,200.0
chagrine,1,1.0,0.0,0.0
exécutions,2,3.0,1.0,50.0
ordonnées,2,8.0,6.0,300.0
griffon,51,62.0,11.0,21.57
étendu,1,8.0,7.0,700.0
soleil,2,12.0,10.0,500.0
image,1,4.0,3.0,300.0
paresseux,1,1.0,0.0,0.0
menez,1,7.0,6.0,600.0
retourne,1,5.0,4.0,400.0
veiller,1,3.0,2.0,200.0
plaisait,1,5.0,4.0,400.0
courait,1,5.0,4.0,400.0
risques,1,3.0,2.0,200.0
farouche,1,4.0,3.0,300.0
frotta,1,5.0,4.0,400.0
guetta,1,6.0,5.0,500.0
disparue,1,4.0,3.0,300.0
ricaner,1,8.0,7.0,700.0
farce,2,6.0,4.0,200.0
exécute,1,2.0,1.0,100.0
apercevoir,1,6.0,5.0,500.0
éloignement,1,5.0,4.0,400.0
solitaire,1,7.0,6.0,600.0
récif,1,6.0,5.0,500.0
approchaient,2,9.0,7.0,350.0
soupirait,1,1.0,0.0,0.0
plaignait,1,4.0,3.0,300.0
sincèrement,1,6.0,5.0,500.0
termes,2,3.0,1.0,50.0
approchèrent,1,12.0,11.0,1100.0
pleins,1,1.0,0.0,0.0
sourd,1,2.0,1.0,100.0
assirent,2,7.0,5.0,250.0
suivies,1,10.0,9.0,900.0
interrompu,1,2.0,1.0,100.0
exclamation,1,5.0,4.0,400.0
hjckrrh,1,4.0,3.0,300.0
soupirs,1,4.0,3.0,300.0
intéressante,2,5.0,3.0,150.0
sûrement,1,4.0,3.0,300.0
quoiqu,1,9.0,8.0,800.0
laissât,1,4.0,3.0,300.0
allions,3,6.0,3.0,100.0
école,4,14.0,10.0,250.0
maîtresse,1,3.0,2.0,200.0
appelions,1,2.0,1.0,100.0
chélonée,2,6.0,4.0,200.0
appeliez,1,5.0,4.0,400.0
écrier,1,6.0,5.0,500.0
bornée,1,5.0,4.0,400.0
gardèrent,1,3.0,2.0,200.0
recevions,1,4.0,3.0,300.0
éducation,1,4.0,3.0,300.0
fière,2,13.0,11.0,550.0
sus,3,14.0,11.0,366.67
apprenions,1,3.0,2.0,200.0
musique,2,7.0,5.0,250.0
blanchissage,2,5.0,3.0,150.0
pension,2,8.0,6.0,300.0
bonnes,2,12.0,10.0,500.0
poids,2,2.0,0.0,0.0
prospectus,1,2.0,1.0,100.0
deviez,1,9.0,8.0,800.0
viviez,1,11.0,10.0,1000.0
moyens,1,11.0,10.0,1000.0
suivais,1,1.0,0.0,0.0
cours,4,12.0,8.0,200.0
ordinaires,1,8.0,7.0,700.0
luire,1,4.0,3.0,300.0
médire,2,12.0,10.0,500.0
arithmétique,1,2.0,1.0,100.0
ambition,1,6.0,5.0,500.0
distraction,1,6.0,5.0,500.0
enjolification,2,5.0,3.0,150.0
dérision,1,2.0,1.0,100.0
enjolir,2,6.0,4.0,200.0
embellir,1,5.0,4.0,400.0
hésitant,1,7.0,6.0,600.0
niaise,1,5.0,4.0,400.0
encouragée,1,6.0,5.0,500.0
nouvelles,1,3.0,2.0,200.0
appreniez,1,5.0,4.0,400.0
comptant,1,8.0,7.0,700.0
battoirs,1,7.0,6.0,600.0
ancien,1,8.0,7.0,700.0
moderne,1,5.0,4.0,400.0
mérographie,1,7.0,6.0,600.0
dédain,2,4.0,2.0,100.0
congre,1,11.0,10.0,1000.0
semaine,3,8.0,5.0,166.67
enseignait,2,2.0,0.0,0.0
dédaigner,1,9.0,8.0,800.0
esquiver,1,2.0,1.0,100.0
feindre,1,6.0,5.0,500.0
gênée,1,8.0,7.0,700.0
suivi,3,10.0,7.0,233.33
professeur,1,9.0,8.0,800.0
langues,1,7.0,6.0,600.0
mortes,2,2.0,0.0,0.0
larcin,1,6.0,5.0,500.0
grève,1,3.0,2.0,200.0
cachèrent,1,9.0,8.0,800.0
méthode,1,2.0,1.0,100.0
laissons,1,4.0,3.0,300.0
onzième,1,13.0,12.0,1200.0
congé,1,4.0,3.0,300.0
arrangiez,1,9.0,8.0,800.0
douzième,1,4.0,3.0,300.0
intervenant,1,3.0,2.0,200.0
jeux,1,5.0,4.0,400.0
quadrille,4,8.0,4.0,100.0
homards,9,18.0,9.0,100.0
nageoires,1,4.0,3.0,300.0
efforça,1,9.0,8.0,800.0
sanglots,4,9.0,5.0,125.0
étouffèrent,1,6.0,5.0,500.0
gosier,1,4.0,3.0,300.0
secouer,1,6.0,5.0,500.0
coulaient,1,15.0,14.0,1400.0
joues,1,5.0,4.0,400.0
vécu,1,6.0,5.0,500.0
présentée,1,6.0,5.0,500.0
homard,4,9.0,5.0,125.0
goûté,1,5.0,4.0,400.0
délicieuse,1,4.0,3.0,300.0
danse,11,13.0,2.0,18.18
rang,1,5.0,4.0,400.0
bords,1,2.0,1.0,100.0
rangs,1,8.0,7.0,700.0
phoques,1,6.0,5.0,500.0
tortues,1,11.0,10.0,1000.0
saumons,1,7.0,6.0,600.0
côte,1,6.0,5.0,500.0
gelées,1,6.0,5.0,500.0
prend,1,1.0,0.0,0.0
danseur,1,6.0,5.0,500.0
avancez,1,5.0,4.0,400.0
balancez,1,6.0,5.0,500.0
changez,2,6.0,4.0,200.0
nagez,1,5.0,4.0,400.0
cabriolant,1,6.0,5.0,500.0
bondi,1,5.0,4.0,400.0
rassirent,1,6.0,5.0,500.0
posément,1,6.0,5.0,500.0
jolie,1,5.0,4.0,400.0
chantez,2,5.0,3.0,150.0
danser,4,9.0,5.0,125.0
marchant,1,5.0,4.0,400.0
remuant,1,4.0,3.0,300.0
chantait,1,6.0,5.0,500.0
irons,1,3.0,2.0,200.0
avances,1,4.0,3.0,300.0
marsouin,1,9.0,8.0,800.0
pressé,1,5.0,4.0,400.0
écraser,1,6.0,5.0,500.0
colimaçon,3,10.0,7.0,233.33
sautons,3,14.0,11.0,366.67
dansons,3,6.0,3.0,100.0
plongeon,3,6.0,3.0,100.0
rais,1,4.0,3.0,300.0
fracasser,1,6.0,5.0,500.0
reprend,1,6.0,5.0,500.0
merlan,2,7.0,5.0,250.0
plaisant,1,9.0,8.0,800.0
bateau,1,6.0,5.0,500.0
sauv,1,4.0,3.0,300.0
tag,1,3.0,2.0,200.0
tir,1,5.0,4.0,400.0
ront,1,5.0,4.0,400.0
merlans,3,8.0,5.0,166.67
dî,1,9.0,8.0,800.0
di,1,4.0,3.0,300.0
recueillant,1,10.0,9.0,900.0
mie,3,3.0,0.0,0.0
trompez,1,16.0,15.0,1500.0
enlevée,1,2.0,1.0,100.0
ferma,2,8.0,6.0,300.0
ensuit,1,5.0,4.0,400.0
voulurent,1,6.0,5.0,500.0
absolument,6,10.0,4.0,66.67
entrèrent,1,3.0,2.0,200.0
purent,1,14.0,13.0,1300.0
racontiez,1,5.0,4.0,400.0
unes,1,6.0,5.0,500.0
partir,1,5.0,4.0,400.0
journée,1,5.0,4.0,400.0
explications,1,9.0,8.0,800.0
prennent,1,10.0,9.0,900.0
troublée,1,3.0,2.0,200.0
tenaient,1,7.0,6.0,600.0
ouvraient,1,6.0,5.0,500.0
reprenait,1,6.0,5.0,500.0
auditeurs,1,3.0,2.0,200.0
restèrent,1,3.0,2.0,200.0
tranquilles,1,5.0,4.0,400.0
arrivât,2,5.0,3.0,150.0
venus,1,3.0,2.0,200.0
poussa,3,4.0,1.0,33.33
rêveur,1,13.0,12.0,1200.0
croyait,1,5.0,4.0,400.0
autorité,1,4.0,3.0,300.0
canon,1,5.0,4.0,400.0
commandent,1,2.0,1.0,100.0
drôlement,1,6.0,5.0,500.0
grondant,1,2.0,1.0,100.0
foudre,1,2.0,1.0,100.0
bouillir,1,14.0,13.0,1300.0
poudre,1,9.0,8.0,800.0
prenant,2,4.0,2.0,100.0
brosse,1,4.0,3.0,300.0
différent,1,6.0,5.0,500.0
récitais,1,3.0,2.0,200.0
fameux,1,10.0,9.0,900.0
galimatias,2,9.0,7.0,350.0
rassise,1,10.0,9.0,900.0
reprendraient,1,5.0,4.0,400.0
expliquât,1,3.0,2.0,200.0
suivants,2,5.0,3.0,150.0
opiniâtrement,1,4.0,3.0,300.0
apprend,1,6.0,5.0,500.0
embarrassait,1,5.0,4.0,400.0
désobéir,1,4.0,3.0,300.0
déplaise,1,4.0,3.0,300.0
hibou,1,8.0,7.0,700.0
dînaient,1,6.0,5.0,500.0
embrouillant,1,7.0,6.0,600.0
essaierons,1,12.0,11.0,1100.0
préférez,1,5.0,4.0,400.0
chante,1,9.0,8.0,800.0
obligeance,1,5.0,4.0,400.0
hé,1,6.0,5.0,500.0
étouffée,1,2.0,1.0,100.0
potage,1,7.0,6.0,600.0
mets,1,4.0,3.0,300.0
délicieux,1,2.0,1.0,100.0
partage,1,5.0,4.0,400.0
précieux,1,5.0,4.0,400.0
soupière,3,8.0,5.0,166.67
vaste,3,7.0,4.0,133.33
cuillère,3,7.0,4.0,133.33
bonheur,3,11.0,8.0,266.67
réjouit,3,4.0,1.0,33.33
gibier,1,8.0,7.0,700.0
volaille,1,3.0,2.0,200.0
lièvres,1,16.0,15.0,1500.0
dindes,1,5.0,4.0,400.0
perdreaux,1,3.0,2.0,200.0
vaille,1,8.0,7.0,700.0
pruneaux,1,6.0,5.0,500.0
parvenaient,1,6.0,5.0,500.0
faibles,1,5.0,4.0,400.0
apportées,1,4.0,3.0,300.0
brise,1,5.0,4.0,400.0
poursuivait,1,5.0,4.0,400.0
pleines,1,6.0,5.0,500.0
mélancolie,1,16.0,15.0,1500.0
xi,1,8.0,7.0,700.0
volé,2,7.0,5.0,250.0
tartes,8,12.0,4.0,50.0
trône,2,9.0,7.0,350.0
entourés,1,5.0,4.0,400.0
nombreuse,1,1.0,0.0,0.0
entier,2,5.0,3.0,150.0
chargé,1,3.0,2.0,200.0
chaînes,1,4.0,3.0,300.0
gardé,1,7.0,6.0,600.0
soldat,1,4.0,3.0,300.0
trompette,3,5.0,2.0,66.67
rouleau,1,6.0,5.0,500.0
parchemin,2,15.0,13.0,650.0
plat,1,4.0,3.0,300.0
dépêchât,1,7.0,6.0,600.0
fît,1,7.0,6.0,600.0
rafraîchissements,1,8.0,7.0,700.0
cour,7,12.0,5.0,71.43
descriptions,1,3.0,2.0,200.0
reconnais,1,5.0,4.0,400.0
perruque,2,3.0,1.0,50.0
disons,1,18.0,17.0,1700.0
frontispice,1,4.0,3.0,300.0
arrangé,1,8.0,7.0,700.0
banc,3,4.0,1.0,33.33
jury,4,9.0,5.0,125.0
pensant,3,7.0,4.0,133.33
savent,1,4.0,3.0,300.0
occupés,1,10.0,9.0,900.0
écrire,10,14.0,4.0,40.0
ardoises,8,18.0,10.0,125.0
commencé,4,11.0,7.0,175.0
inscrivent,1,4.0,3.0,300.0
niais,3,7.0,4.0,133.33
indigné,1,4.0,3.0,300.0
auditoire,1,12.0,11.0,1100.0
lunettes,3,6.0,3.0,100.0
distinguer,1,3.0,2.0,200.0
obligé,2,9.0,7.0,350.0
voisin,1,5.0,4.0,400.0
bel,1,4.0,3.0,300.0
crayon,3,12.0,9.0,300.0
grinçait,1,7.0,6.0,600.0
juré,2,4.0,2.0,100.0
cherché,1,1.0,0.0,0.0
laissait,1,9.0,8.0,800.0
ardoise,3,8.0,5.0,166.67
héraut,1,5.0,4.0,400.0
lisez,2,8.0,6.0,300.0
acte,1,4.0,3.0,300.0
accusation,1,8.0,7.0,700.0
sonna,2,2.0,0.0,0.0
déroulant,1,13.0,12.0,1200.0
lut,3,5.0,2.0,66.67
printemps,1,10.0,9.0,900.0
délibérez,2,10.0,8.0,400.0
témoins,1,2.0,1.0,100.0
témoin,9,10.0,1.0,11.11
quatorze,1,10.0,9.0,900.0
seize,1,6.0,5.0,500.0
notez,1,1.0,0.0,0.0
empressèrent,2,4.0,2.0,100.0
dates,1,5.0,4.0,400.0
addition,1,2.0,1.0,100.0
cherchèrent,1,4.0,3.0,300.0
réduire,1,7.0,6.0,600.0
total,1,3.0,2.0,200.0
centimes,1,6.0,5.0,500.0
otez,1,4.0,3.0,300.0
chapeau,1,7.0,6.0,600.0
note,1,6.0,5.0,500.0
vente,1,8.0,7.0,700.0
fixement,2,5.0,3.0,150.0
déposition,4,7.0,3.0,75.0
encourager,1,3.0,2.0,200.0
trouble,2,6.0,4.0,200.0
mordit,1,7.0,6.0,600.0
éprouva,1,7.0,6.0,600.0
sensation,1,15.0,14.0,1400.0
rendu,2,9.0,7.0,350.0
recommençait,1,6.0,5.0,500.0
poussez,1,4.0,3.0,300.0
respirer,1,4.0,3.0,300.0
grandis,2,8.0,6.0,300.0
hardiment,1,11.0,10.0,1000.0
grandissez,1,2.0,1.0,100.0
raisonnablement,1,3.0,2.0,200.0
fixer,1,4.0,3.0,300.0
traversait,1,8.0,7.0,700.0
officiers,1,1.0,0.0,0.0
tribunal,1,8.0,7.0,700.0
apportez,1,10.0,9.0,900.0
liste,3,9.0,6.0,200.0
chanteurs,2,7.0,5.0,250.0
perdit,1,2.0,1.0,100.0
troublé,1,2.0,1.0,100.0
homme,4,9.0,5.0,125.0
tartines,2,7.0,5.0,250.0
minces,1,8.0,7.0,700.0
dragée,1,6.0,5.0,500.0
âne,1,5.0,4.0,400.0
faux,1,4.0,3.0,300.0
dépêchant,1,5.0,4.0,400.0
interrompre,2,11.0,9.0,450.0
nie,2,8.0,6.0,300.0
passez,1,5.0,4.0,400.0
nierait,1,9.0,8.0,800.0
nia,1,2.0,1.0,100.0
dormait,1,13.0,12.0,1200.0
coupai,1,13.0,12.0,1200.0
rappeliez,1,6.0,5.0,500.0
orateur,1,4.0,3.0,300.0
applaudit,2,9.0,7.0,350.0
immédiatement,1,6.0,5.0,500.0
réprimé,2,13.0,11.0,550.0
huissiers,3,10.0,7.0,233.33
sac,3,8.0,5.0,166.67
toile,1,4.0,3.0,300.0
fermait,1,5.0,4.0,400.0
aide,1,4.0,3.0,300.0
ficelles,1,4.0,3.0,300.0
attachées,1,9.0,8.0,800.0
ouverture,1,7.0,6.0,600.0
glisser,1,4.0,3.0,300.0
cochon,2,3.0,1.0,50.0
journaux,1,7.0,6.0,600.0
tentatives,1,10.0,9.0,900.0
applaudissements,1,15.0,14.0,1400.0
réprimées,1,3.0,2.0,200.0
compris,1,2.0,1.0,100.0
lançant,1,6.0,5.0,500.0
coupez,2,5.0,3.0,150.0
adressant,2,3.0,1.0,50.0
huissier,1,7.0,6.0,600.0
poivrière,1,4.0,3.0,300.0
entrât,1,8.0,7.0,700.0
trouvaient,1,6.0,5.0,500.0
interroge,1,6.0,5.0,500.0
contradictoirement,1,6.0,5.0,500.0
croisé,1,2.0,1.0,100.0
froncé,1,6.0,5.0,500.0
sourcils,2,6.0,4.0,200.0
rentrés,1,7.0,6.0,600.0
creuse,1,7.0,6.0,600.0
principalement,1,9.0,8.0,800.0
saisissez,1,9.0,8.0,800.0
collet,1,5.0,4.0,400.0
mettez,1,11.0,10.0,1000.0
réprimez,1,11.0,10.0,1000.0
pincez,1,3.0,2.0,200.0
arrachez,1,10.0,9.0,900.0
rétabli,1,7.0,6.0,600.0
soulagé,1,7.0,6.0,600.0
troisième,1,2.0,1.0,100.0
interrogiez,1,4.0,3.0,300.0
tournait,1,6.0,5.0,500.0
doigts,1,3.0,2.0,200.0
dépositions,2,9.0,7.0,350.0
prouvent,1,8.0,7.0,700.0
criarde,2,5.0,3.0,150.0
xii,1,8.0,7.0,700.0
voila,1,4.0,3.0,300.0
brusquement,1,6.0,5.0,500.0
accrocha,1,8.0,7.0,700.0
renversa,1,4.0,3.0,300.0
occupants,1,9.0,8.0,800.0
débattant,1,8.0,7.0,700.0
poissons,2,3.0,1.0,50.0
vase,1,4.0,3.0,300.0
renversé,1,7.0,6.0,600.0
accident,3,7.0,4.0,133.33
précédente,1,6.0,5.0,500.0
ramasser,3,4.0,1.0,33.33
trottait,1,3.0,2.0,200.0
vague,1,2.0,1.0,100.0
remettre,1,2.0,1.0,100.0
bancs,1,8.0,7.0,700.0
mourraient,1,4.0,3.0,300.0
remuait,1,6.0,5.0,500.0
impossibilité,1,3.0,2.0,200.0
redresser,1,5.0,4.0,400.0
retourné,1,4.0,3.0,300.0
replacé,1,5.0,4.0,400.0
convenablement,1,4.0,3.0,300.0
remis,1,2.0,1.0,100.0
retrouvé,1,8.0,7.0,700.0
crayons,1,3.0,2.0,200.0
diligemment,1,13.0,12.0,1200.0
accablé,1,11.0,10.0,1000.0
demeurer,1,5.0,4.0,400.0
insista,1,7.0,6.0,600.0
interrompant,1,7.0,6.0,600.0
respectueux,1,8.0,7.0,700.0
grimaces,1,8.0,7.0,700.0
sonnant,1,3.0,2.0,200.0
écrivirent,2,13.0,11.0,550.0
occupé,1,2.0,1.0,100.0
carnet,3,12.0,9.0,300.0
quarante,1,7.0,6.0,600.0
devra,1,9.0,8.0,800.0
sortirai,1,2.0,1.0,100.0
usage,1,8.0,7.0,700.0
ancienne,1,6.0,5.0,500.0
numéro,1,3.0,2.0,200.0
recevoir,1,8.0,7.0,700.0
vient,2,10.0,8.0,400.0
ouvert,1,7.0,6.0,600.0
écrite,2,9.0,7.0,350.0
accusé,2,4.0,2.0,100.0
adressée,2,7.0,5.0,250.0
extérieur,1,2.0,1.0,100.0
déplia,1,3.0,2.0,200.0
pièce,5,8.0,3.0,60.0
écriture,2,9.0,7.0,350.0
embarrassé,1,6.0,5.0,500.0
imité,1,5.0,4.0,400.0
serein,1,6.0,5.0,500.0
prouver,1,2.0,1.0,100.0
signature,1,6.0,5.0,500.0
signé,2,10.0,8.0,400.0
empirer,1,6.0,5.0,500.0
mauvaises,1,7.0,6.0,600.0
intentions,1,7.0,6.0,600.0
honnête,1,3.0,2.0,200.0
battit,1,7.0,6.0,600.0
prouve,2,6.0,4.0,200.0
culpabilité,1,8.0,7.0,700.0
commencerai,1,9.0,8.0,800.0
commencez,1,5.0,4.0,400.0
arriviez,1,3.0,2.0,200.0
arrêterez,1,5.0,4.0,400.0
voici,3,9.0,6.0,200.0
assura,1,5.0,4.0,400.0
cruelle,1,4.0,3.0,300.0
envoya,1,4.0,3.0,300.0
savons,2,5.0,3.0,150.0
faudrait,1,6.0,5.0,500.0
balai,1,15.0,14.0,1400.0
donnai,2,5.0,3.0,150.0
recevrons,1,10.0,9.0,900.0
lacune,1,3.0,2.0,200.0
revinrent,2,5.0,3.0,150.0
embarrassés,1,8.0,7.0,700.0
laisse,1,3.0,2.0,200.0
confrère,1,8.0,7.0,700.0
trouvés,1,5.0,4.0,400.0
certaine,1,7.0,6.0,600.0
nerfs,3,10.0,7.0,233.33
accès,2,8.0,6.0,300.0
bouleversât,1,5.0,4.0,400.0
inhumaine,1,5.0,4.0,400.0
trompés,1,4.0,3.0,300.0
cachez,1,4.0,3.0,300.0
préfère,1,2.0,1.0,100.0
secret,1,4.0,3.0,300.0
conviction,1,9.0,8.0,800.0
importante,1,8.0,7.0,700.0
frottant,1,4.0,3.0,300.0
puisse,1,3.0,2.0,200.0
devenue,2,8.0,6.0,300.0
atome,2,9.0,7.0,350.0
commun,2,6.0,4.0,200.0
croit,1,10.0,9.0,900.0
tenta,1,16.0,15.0,1500.0
épargne,1,12.0,11.0,1100.0
ennuis,1,3.0,2.0,200.0
étalant,1,1.0,0.0,0.0
carton,1,9.0,8.0,800.0
marmotter,1,3.0,2.0,200.0
triomphe,1,5.0,4.0,400.0
clair,1,5.0,4.0,400.0
attaques,1,6.0,5.0,500.0
épouse,2,13.0,11.0,550.0
encrier,1,4.0,3.0,300.0
aperçu,1,4.0,3.0,300.0
ouvrage,1,5.0,4.0,400.0
servant,1,7.0,6.0,600.0
encre,1,2.0,1.0,100.0
découlait,1,6.0,5.0,500.0
promenant,1,4.0,3.0,300.0
souriant,1,4.0,3.0,300.0
calembour,1,3.0,2.0,200.0
délibère,1,5.0,4.0,400.0
vingtième,1,9.0,8.0,800.0
arrêt,2,4.0,2.0,100.0
délibérera,1,5.0,4.0,400.0
vouloir,1,3.0,2.0,200.0
prononcer,1,3.0,2.0,200.0
devenant,1,3.0,2.0,200.0
tairai,1,5.0,4.0,400.0
moque,1,7.0,6.0,600.0
retomba,1,10.0,9.0,900.0
tourbillonnant,1,7.0,6.0,600.0
repousser,1,6.0,5.0,500.0
écartait,1,7.0,6.0,600.0
tombées,1,10.0,9.0,900.0
voltigeant,1,3.0,2.0,200.0
somme,1,8.0,7.0,700.0
rêve,5,7.0,2.0,40.0
raconta,1,8.0,7.0,700.0
étranges,4,5.0,1.0,25.0
lire,1,3.0,2.0,200.0
récit,2,5.0,3.0,150.0
embrassant,1,8.0,7.0,700.0
merveilleux,1,4.0,3.0,300.0
laissée,1,5.0,4.0,400.0
appuyée,1,7.0,6.0,600.0
contemplant,1,8.0,7.0,700.0
coucher,1,12.0,11.0,1100.0
merveilleuses,1,6.0,5.0,500.0
rêva,1,1.0,0.0,0.0
personnellement,1,5.0,4.0,400.0
jointes,1,3.0,2.0,200.0
plongeaient,1,11.0,10.0,1000.0
siens,1,4.0,3.0,300.0
rejetait,1,7.0,6.0,600.0
vagabonds,1,5.0,4.0,400.0
revenaient,1,7.0,6.0,600.0
anima,1,4.0,3.0,300.0
peupla,1,6.0,5.0,500.0
bruissaient,1,7.0,6.0,600.0
précipités,1,3.0,2.0,200.0
clapoter,1,5.0,4.0,400.0
traversant,1,7.0,6.0,600.0
voisine,1,3.0,2.0,200.0
repas,1,13.0,12.0,1200.0
finissait,1,8.0,7.0,700.0
envoyant,1,11.0,10.0,1000.0
brisaient,1,8.0,7.0,700.0
grincement,1,13.0,12.0,1200.0
étouffés,1,5.0,4.0,400.0
remplissaient,1,3.0,2.0,200.0
mêlant,1,14.0,13.0,1300.0
croyant,1,9.0,8.0,800.0
merveilles,2,10.0,8.0,400.0
rouvrir,1,6.0,5.0,500.0
réalité,1,7.0,6.0,600.0
bruiraient,1,5.0,4.0,400.0
souffle,1,6.0,5.0,500.0
murmurerait,1,7.0,6.0,600.0
balancement,1,4.0,3.0,300.0
roseaux,1,3.0,2.0,200.0
deviendrait,1,5.0,4.0,400.0
tintement,1,5.0,4.0,400.0
clochettes,1,3.0,2.0,200.0
moutons,1,6.0,5.0,500.0
reconnaîtrait,1,6.0,5.0,500.0
aigus,1,1.0,0.0,0.0
berger,1,7.0,6.0,600.0
éternuement,1,5.0,4.0,400.0
bruits,1,6.0,5.0,500.0
clameurs,1,6.0,5.0,500.0
confuses,1,7.0,6.0,600.0
beuglement,1,9.0,8.0,800.0
bestiaux,1,5.0,4.0,400.0
remplacerait,1,6.0,5.0,500.0
lourds,1,8.0,7.0,700.0
représenta,2,8.0,6.0,300.0
avenir,1,8.0,7.0,700.0
conservant,1,1.0,0.0,0.0
jusque,1,9.0,8.0,800.0
mûr,1,2.0,1.0,100.0
aimant,1,6.0,5.0,500.0
enfance,2,3.0,1.0,50.0
réunissant,1,4.0,3.0,300.0
briller,1,4.0,3.0,300.0
contant,1,5.0,4.0,400.0
songe,1,2.0,1.0,100.0
jadis,1,12.0,11.0,1100.0
partager,1,5.0,4.0,400.0
chagrins,1,9.0,8.0,800.0
innocentes,1,4.0,3.0,300.0
joies,1,1.0,0.0,0.0
rappelant,1,10.0,9.0,900.0
